date,away_team,away_runs,away_hits,away_errors,home_team,home_runs,home_hits,home_errors
2019-03-20,Mariners,9,7,1,Athletics,7,9,0
2019-03-20,Pirates,6,10,0,Twins,5,11,0
2019-03-20,Tigers,3,4,1,Phillies,1,6,0
2019-03-20,Marlins,6,11,0,Cardinals,0,3,1
2019-03-20,Yankees,1,4,2,Astros,2,6,0
2019-03-20,Braves,8,9,3,Blue Jays,7,6,0
2019-03-20,Reds,6,11,1,Rangers,1,6,1
2019-03-20,D-backs,11,16,0,White Sox,2,5,0
2019-03-20,Brewers,10,13,0,Padres,7,10,1
2019-03-20,Red Sox,6,8,0,Orioles,4,10,1
2019-03-20,Angels,2,8,0,Indians,4,8,0
2019-03-20,Royals,8,8,0,Rockies,7,12,0
2019-03-20,Dodgers,4,10,3,Cubs,4,7,2
2019-03-20,Indians,0,4,0,Giants,13,16,0
2019-03-21,Mariners,5,9,1,Athletics,4,10,0
2019-03-21,Astros,3,7,1,Tigers,5,6,0
2019-03-21,Orioles,5,7,0,Pirates,7,7,0
2019-03-21,Blue Jays,6,9,0,Phillies,13,12,0
2019-03-21,Braves,1,10,1,Rays,8,9,0
2019-03-21,Yankees,3,6,1,Cardinals,11,14,0
2019-03-21,Marlins,0,6,0,Mets,6,9,1
2019-03-21,Royals,14,16,2,Reds,6,10,2
2019-03-21,Giants,5,10,1,Cubs,5,10,0
2019-03-21,Indians,3,10,1,Rangers,7,14,0
2019-03-21,Rangers,2,7,1,White Sox,12,12,1
2019-03-21,Dodgers,5,9,1,Brewers,11,11,1
2019-03-21,Angels,2,5,0,D-backs,1,6,0
2019-03-21,Rays,0,4,2,Red Sox,8,10,0
2019-03-21,Cardinals,1,8,1,Nationals,7,6,1
2019-03-21,Reds,3,5,3,Mariners,6,9,0
2019-03-22,Pirates,2,8,1,Rays,3,9,1
2019-03-22,Cardinals,15,21,0,Mets,5,14,3
2019-03-22,D-backs,10,12,0,Dodgers,4,9,0
2019-03-22,Rangers,3,7,2,Cubs,7,8,0
2019-03-22,Reds,4,6,0,Brewers,6,9,1
2019-03-22,White Sox,4,7,1,Angels,5,8,0
2019-03-22,Mets,3,9,0,Astros,7,12,1
2019-03-22,Red Sox,10,18,1,Twins,6,12,3
2019-03-22,Tigers,3,11,1,Braves,4,7,1
2019-03-22,Orioles,0,4,0,Blue Jays,4,9,0
2019-03-22,Phillies,3,7,0,Yankees,6,6,0
2019-03-22,Nationals,5,6,1,Marlins,5,13,1
2019-03-22,Cubs,3,6,3,Indians,8,12,1
2019-03-22,Giants,3,6,2,Royals,15,21,1
2019-03-22,Padres,5,10,0,Rockies,6,8,0
2019-03-22,Angels,7,11,1,Mariners,8,9,1
2019-03-22,Rockies,4,10,3,Giants,6,8,0
2019-03-23,Pirates,3,9,1,Red Sox,12,15,0
2019-03-23,Cardinals,4,9,0,Nationals,4,9,1
2019-03-23,Rays,7,11,1,Tigers,8,14,0
2019-03-23,Phillies,3,8,0,Pirates,5,7,0
2019-03-23,Mets,12,15,0,Braves,2,5,2
2019-03-23,Blue Jays,7,9,0,Yankees,3,8,2
2019-03-23,Canada Jr. Team,3,7,3,Blue Jays,8,7,0
2019-03-23,White Sox,5,11,0,Dodgers,1,3,1
2019-03-23,Brewers,7,11,0,Rangers,3,8,1
2019-03-23,Reds,5,8,2,Indians,8,11,0
2019-03-23,D-backs,2,9,0,Giants,3,8,1
2019-03-23,Royals,6,8,0,Brewers,4,7,0
2019-03-23,Angels,4,9,1,Padres,11,11,0
2019-03-23,Twins,8,10,1,Orioles,7,9,0
2019-03-23,Astros,5,10,0,Marlins,0,3,0
2019-03-23,Cubs,6,9,0,Rockies,11,17,3
2019-03-24,Nationals,4,10,2,Mets,8,9,0
2019-03-24,Nationals,3,5,0,Astros,5,13,0
2019-03-24,Pirates,1,9,0,Orioles,1,6,0
2019-03-24,Blue Jays,6,12,2,Tigers,18,17,0
2019-03-24,Orioles,4,11,3,Phillies,11,18,2
2019-03-24,Marlins,1,6,1,Cardinals,2,3,0
2019-03-24,Yankees,5,6,1,Twins,3,9,1
2019-03-24,Rangers,3,5,1,Sounds,4,6,3
2019-03-24,Rockies,4,7,0,Reds,3,8,0
2019-03-24,Royals,3,4,0,Rangers,3,9,0
2019-03-24,Indians,3,12,0,White Sox,7,11,0
2019-03-24,Cubs,24,27,0,Padres,6,7,1
2019-03-24,Brewers,3,6,0,D-backs,2,7,1
2019-03-24,Giants,0,3,0,Athletics,5,4,0
2019-03-24,Rays,2,8,0,Braves,4,8,0
2019-03-24,Dodgers,4,6,2,Angels,8,11,3
2019-03-25,Mets,9,14,0,Orioles,7,9,1
2019-03-25,Rays,2,8,0,Phillies,3,6,0
2019-03-25,Tigers Futures,1,5,0,Tigers,9,10,1
2019-03-25,Red Wings,5,8,0,Twins,2,5,0
2019-03-25,Rockies,3,9,0,Isotopes,7,9,1
2019-03-25,Yankees,3,5,0,Nationals,5,8,0
2019-03-25,Brewers,10,12,0,Blue Jays,5,8,1
2019-03-25,Royals,2,8,1,Storm Chasers,3,6,1
2019-03-25,Reds,5,9,1,Braves,8,8,2
2019-03-25,Cardinals,6,6,3,Redbirds,3,4,0
2019-03-25,Indians,10,10,1,Rangers,1,7,1
2019-03-25,Pirates,9,14,0,Astros,12,11,1
2019-03-25,Red Sox,2,7,0,Cubs,3,6,0
2019-03-25,White Sox,6,10,0,D-backs,3,8,1
2019-03-25,Athletics,5,8,1,Giants,4,6,2
2019-03-25,Dodgers,8,10,0,Angels,7,9,1
2019-03-25,Padres,8,10,0,Mariners,0,2,2
2019-03-26,Tigers,3,10,1,Rays,9,11,0
2019-03-26,Reds,5,8,2,Braves,7,11,0
2019-03-26,Indians,4,8,1,Rangers,5,8,2
2019-03-26,Rockies,5,7,1,Twins,5,11,2
2019-03-26,Pirates,5,8,0,Astros,1,3,1
2019-03-26,Red Sox,7,7,1,Cubs,16,15,0
2019-03-26,White Sox,7,14,0,D-backs,1,7,0
2019-03-26,Padres,1,7,0,Mariners,0,4,0
2019-03-26,Brewers,0,5,1,Blue Jays,2,7,1
2019-03-26,Athletics,4,7,0,Giants,2,6,0
2019-03-26,Angels,2,6,1,Dodgers,9,8,1
2019-03-28,Mets,2,5,0,Nationals,0,5,0
2019-03-28,Orioles,2,8,0,Yankees,7,9,1
2019-03-28,Cardinals,4,5,0,Brewers,5,7,0
2019-03-28,Braves,4,7,2,Phillies,10,7,0
2019-03-28,Tigers,2,4,0,Blue Jays,0,2,0
2019-03-28,Astros,5,10,1,Rays,1,4,0
2019-03-28,Cubs,12,13,0,Rangers,4,6,0
2019-03-28,Angels,0,3,0,Athletics,4,7,1
2019-03-28,D-backs,5,9,0,Dodgers,12,12,0
2019-03-28,Pirates,3,5,2,Reds,5,6,0
2019-03-28,Giants,0,5,0,Padres,2,6,0
2019-03-28,Indians,0,2,0,Twins,2,4,0
2019-03-28,Rockies,6,9,1,Marlins,3,4,2
2019-03-28,White Sox,3,4,3,Royals,5,5,0
2019-03-28,Red Sox,4,11,2,Mariners,12,12,2
2019-03-29,Tigers,0,2,1,Blue Jays,6,7,0
2019-03-29,Astros,2,6,2,Rays,4,6,0
2019-03-29,Rockies,6,11,0,Marlins,1,2,0
2019-03-29,Cardinals,9,14,0,Brewers,5,8,0
2019-03-29,Angels,6,10,0,Athletics,2,7,0
2019-03-29,D-backs,5,10,0,Dodgers,4,11,0
2019-03-29,Red Sox,7,8,1,Mariners,6,8,1
2019-03-29,Giants,1,6,0,Padres,4,8,0
2019-03-30,Mets,11,14,2,Nationals,8,9,1
2019-03-30,Orioles,5,9,0,Yankees,3,10,3
2019-03-30,Indians,2,4,1,Twins,1,2,0
2019-03-30,White Sox,6,10,1,Royals,8,10,0
2019-03-30,Tigers,0,5,0,Blue Jays,3,6,0
2019-03-30,Braves,6,10,0,Phillies,8,9,0
2019-03-30,Astros,1,8,1,Rays,3,7,0
2019-03-30,Rockies,3,8,1,Marlins,7,16,0
2019-03-30,Cardinals,2,7,1,Brewers,4,8,0
2019-03-30,Cubs,6,9,1,Rangers,8,10,0
2019-03-30,Giants,3,9,1,Padres,2,8,0
2019-03-30,Angels,2,6,0,Athletics,4,7,1
2019-03-30,D-backs,5,7,1,Dodgers,18,19,0
2019-03-30,Red Sox,5,9,2,Mariners,6,10,3
2019-03-31,Orioles,7,8,1,Yankees,5,9,1
2019-03-31,Tigers,4,10,0,Blue Jays,3,8,1
2019-03-31,Pirates,5,10,0,Reds,0,4,4
2019-03-31,Astros,1,3,0,Rays,3,8,0
2019-03-31,Rockies,0,5,0,Marlins,3,5,0
2019-03-31,Mets,5,13,1,Nationals,6,11,0
2019-03-31,Indians,3,6,1,Twins,9,15,0
2019-03-31,Cardinals,4,7,0,Brewers,5,9,1
2019-03-31,White Sox,6,11,0,Royals,3,6,0
2019-03-31,Cubs,10,17,0,Rangers,11,11,0
2019-03-31,Angels,1,3,2,Athletics,2,7,0
2019-03-31,D-backs,7,13,3,Dodgers,8,8,0
2019-03-31,Red Sox,8,9,1,Mariners,10,12,1
2019-03-31,Giants,1,2,3,Padres,3,8,0
2019-03-31,Braves,1,4,0,Phillies,5,5,0
2019-04-01,Cardinals,6,8,1,Pirates,5,6,2
2019-04-01,White Sox,3,3,1,Indians,5,8,1
2019-04-01,Tigers,1,2,1,Yankees,3,5,1
2019-04-01,Brewers,4,11,0,Reds,3,8,1
2019-04-01,Orioles,6,6,0,Blue Jays,5,6,1
2019-04-01,Rockies,1,6,1,Rays,7,9,0
2019-04-01,Cubs,0,9,6,Braves,8,12,1
2019-04-01,Mets,7,10,1,Marlins,3,9,0
2019-04-01,Astros,2,8,0,Rangers,1,2,0
2019-04-01,Red Sox,0,4,1,Athletics,7,9,0
2019-04-01,D-backs,10,15,0,Padres,3,6,1
2019-04-01,Angels,3,8,1,Mariners,6,10,4
2019-04-01,Giants,4,9,0,Dodgers,2,7,1
2019-04-02,Tigers,3,11,0,Yankees,1,6,0
2019-04-02,Brewers,4,7,0,Reds,3,4,0
2019-04-02,Phillies,8,14,0,Nationals,2,7,0
2019-04-02,Orioles,2,10,0,Blue Jays,1,6,1
2019-04-02,Rockies,0,2,1,Rays,4,8,0
2019-04-02,Mets,6,9,1,Marlins,5,16,1
2019-04-02,Astros,4,12,0,Rangers,6,9,0
2019-04-02,Twins,5,12,1,Royals,4,10,0
2019-04-02,Red Sox,0,7,0,Athletics,1,3,0
2019-04-02,D-backs,8,14,0,Padres,5,11,0
2019-04-02,Angels,1,4,0,Mariners,2,5,0
2019-04-02,Giants,5,9,2,Dodgers,6,7,1
2019-04-03,Brewers,1,2,0,Reds,0,3,0
2019-04-03,Phillies,8,10,3,Nationals,9,12,1
2019-04-03,Rockies,1,5,1,Rays,0,6,0
2019-04-03,White Sox,8,13,3,Indians,3,5,1
2019-04-03,Twins,7,11,1,Royals,6,9,0
2019-04-03,D-backs,1,7,0,Padres,4,5,1
2019-04-03,Tigers,2,3,1,Yankees,1,5,1
2019-04-03,Orioles,3,6,1,Blue Jays,5,10,0
2019-04-03,Mets,6,10,0,Marlins,4,7,1
2019-04-03,Cardinals,5,7,1,Pirates,4,8,0
2019-04-03,Cubs,4,12,1,Braves,6,8,0
2019-04-03,Astros,0,6,0,Rangers,4,5,2
2019-04-03,Red Sox,6,9,1,Athletics,3,5,1
2019-04-03,Giants,3,6,0,Dodgers,5,7,0
2019-04-04,Royals,4,8,2,Tigers,5,6,1
2019-04-04,Nationals,4,5,2,Mets,0,4,0
2019-04-04,Yankees,8,12,0,Orioles,4,10,0
2019-04-04,Red Sox,3,10,0,Athletics,7,13,0
2019-04-04,Blue Jays,1,3,1,Indians,4,7,0
2019-04-04,Reds,0,6,0,Pirates,2,10,0
2019-04-04,Cubs,4,6,0,Braves,9,13,0
2019-04-04,Rangers,11,15,2,Angels,4,8,1
2019-04-05,Mariners,8,9,3,White Sox,10,9,0
2019-04-05,Dodgers,10,13,1,Rockies,6,10,1
2019-04-05,Padres,5,9,0,Cardinals,3,4,0
2019-04-05,Rays,5,11,2,Giants,2,8,1
2019-04-05,Reds,0,3,0,Pirates,2,5,0
2019-04-05,Twins,4,11,3,Phillies,10,11,1
2019-04-05,Red Sox,8,12,0,D-backs,15,18,0
2019-04-05,Blue Jays,2,3,1,Indians,3,4,0
2019-04-05,Marlins,0,3,0,Braves,4,7,0
2019-04-05,Athletics,2,7,0,Astros,3,9,0
2019-04-05,Cubs,10,12,1,Brewers,13,15,0
2019-04-05,Rangers,1,6,0,Angels,3,6,2
2019-04-06,Royals,4,6,1,Tigers,7,10,1
2019-04-06,Nationals,5,7,0,Mets,6,11,0
2019-04-06,Reds,5,8,0,Pirates,6,12,1
2019-04-06,Twins,6,7,0,Phillies,2,7,1
2019-04-06,Mariners,9,14,0,White Sox,2,10,1
2019-04-06,Padres,6,9,1,Cardinals,4,9,1
2019-04-06,Rays,4,9,1,Giants,6,8,0
2019-04-06,Rangers,1,6,1,Angels,5,10,0
2019-04-06,Blue Jays,2,10,1,Indians,7,8,0
2019-04-06,Yankees,6,11,2,Orioles,4,8,0
2019-04-06,Athletics,0,6,0,Astros,6,11,0
2019-04-06,Cubs,14,12,0,Brewers,8,10,2
2019-04-06,Marlins,4,8,2,Braves,2,6,0
2019-04-06,Red Sox,4,6,0,D-backs,5,11,0
2019-04-06,Dodgers,7,11,0,Rockies,2,6,0
2019-04-07,Twins,1,7,1,Phillies,2,4,0
2019-04-07,Yankees,15,15,1,Orioles,3,5,0
2019-04-07,Royals,1,7,0,Tigers,3,5,0
2019-04-07,Nationals,12,8,1,Mets,9,11,1
2019-04-07,Blue Jays,1,3,0,Indians,3,6,0
2019-04-07,Marlins,3,7,1,Braves,4,7,0
2019-04-07,Reds,5,7,0,Pirates,7,12,2
2019-04-07,Athletics,8,11,0,Astros,9,14,2
2019-04-07,Mariners,12,12,1,White Sox,5,10,0
2019-04-07,Cubs,2,6,0,Brewers,4,10,1
2019-04-07,Padres,1,6,1,Cardinals,4,10,1
2019-04-07,Rays,3,10,0,Giants,0,5,0
2019-04-07,Rangers,2,6,1,Angels,7,9,0
2019-04-07,Red Sox,1,5,0,D-backs,0,3,0
2019-04-07,Dodgers,12,12,0,Rockies,6,10,2
2019-04-08,Rays,5,11,0,White Sox,1,9,0
2019-04-08,Pirates,0,7,4,Cubs,10,8,0
2019-04-08,Athletics,4,11,2,Orioles,12,15,2
2019-04-08,Nationals,3,7,1,Phillies,4,10,0
2019-04-08,Yankees,3,8,0,Astros,4,7,0
2019-04-08,Dodgers,3,5,0,Cardinals,4,5,0
2019-04-08,Mariners,13,15,0,Royals,5,10,0
2019-04-08,Braves,8,9,0,Rockies,6,8,0
2019-04-08,Padres,6,7,2,Giants,5,5,0
2019-04-08,Brewers,2,6,1,Angels,5,5,1
2019-04-09,Indians,8,8,1,Tigers,2,8,2
2019-04-09,Blue Jays,7,10,2,Red Sox,5,8,0
2019-04-09,Rays,10,13,0,White Sox,5,7,0
2019-04-09,Marlins,0,4,1,Reds,14,16,1
2019-04-09,Athletics,13,14,0,Orioles,2,7,1
2019-04-09,Nationals,10,14,0,Phillies,6,9,1
2019-04-09,Twins,14,17,0,Mets,8,11,1
2019-04-09,Dodgers,0,7,1,Cardinals,4,6,1
2019-04-09,Yankees,3,5,1,Astros,6,11,0
2019-04-09,Mariners,6,15,1,Royals,3,8,0
2019-04-09,Braves,7,12,1,Rockies,1,6,0
2019-04-09,Rangers,4,8,1,D-backs,5,9,1
2019-04-09,Padres,2,7,0,Giants,7,7,0
2019-04-09,Brewers,8,10,0,Angels,11,12,0
2019-04-10,Indians,1,5,0,Tigers,4,12,0
2019-04-10,Rays,9,14,0,White Sox,1,6,1
2019-04-10,Padres,3,6,0,Giants,1,7,1
2019-04-10,Marlins,1,3,0,Reds,2,3,0
2019-04-10,Athletics,10,13,0,Orioles,3,4,0
2019-04-10,Nationals,15,17,0,Phillies,1,3,2
2019-04-10,Twins,6,9,0,Mets,9,5,0
2019-04-10,Yankees,6,10,1,Astros,8,16,0
2019-04-10,Dodgers,2,5,0,Cardinals,7,10,0
2019-04-10,Pirates,5,9,2,Cubs,2,6,2
2019-04-10,Mariners,6,11,1,Royals,5,10,0
2019-04-10,Rangers,5,8,1,D-backs,2,6,2
2019-04-10,Brewers,2,7,0,Angels,4,5,1
2019-04-11,Athletics,8,11,1,Orioles,5,4,2
2019-04-11,Marlins,0,5,0,Reds,5,10,0
2019-04-11,Indians,4,11,1,Tigers,0,3,0
2019-04-11,Mariners,7,12,2,Royals,6,8,0
2019-04-11,Dodgers,7,10,2,Cardinals,11,10,0
2019-04-11,Blue Jays,6,8,1,Red Sox,7,8,0
2019-04-11,Mets,6,7,0,Braves,3,9,0
2019-04-11,Pirates,0,5,1,Cubs,2,5,0
2019-04-11,Padres,7,8,1,D-backs,6,8,0
2019-04-11,Rockies,0,3,0,Giants,1,6,0
2019-04-12,Angels,1,4,1,Cubs,5,10,0
2019-04-12,Pirates,6,10,0,Nationals,3,7,1
2019-04-12,White Sox,9,12,1,Yankees,6,7,0
2019-04-12,Rays,11,16,1,Blue Jays,7,9,0
2019-04-12,Orioles,4,4,0,Red Sox,6,11,1
2019-04-12,Phillies,9,14,0,Marlins,1,5,2
2019-04-12,Mets,6,10,0,Braves,2,7,0
2019-04-12,Athletics,8,11,0,Rangers,6,10,0
2019-04-12,Indians,1,4,2,Royals,8,13,0
2019-04-12,Padres,2,5,0,D-backs,1,3,0
2019-04-12,Astros,10,16,1,Mariners,6,9,0
2019-04-12,Brewers,8,12,0,Dodgers,5,12,1
2019-04-12,Rockies,2,11,0,Giants,3,8,2
2019-04-13,Orioles,9,13,0,Red Sox,5,6,3
2019-04-13,White Sox,0,1,1,Yankees,4,7,1
2019-04-13,Tigers,3,10,0,Twins,4,5,1
2019-04-13,Angels,6,9,1,Cubs,5,9,0
2019-04-13,Rays,1,8,0,Blue Jays,3,5,3
2019-04-13,Pirates,2,8,0,Nationals,3,6,1
2019-04-13,Rockies,2,6,0,Giants,5,11,1
2019-04-13,Phillies,3,6,0,Marlins,10,18,0
2019-04-13,Cardinals,2,9,0,Reds,5,6,0
2019-04-13,Indians,0,2,0,Royals,3,7,0
2019-04-13,Mets,7,11,1,Braves,11,13,1
2019-04-13,Padres,5,10,0,D-backs,4,10,0
2019-04-13,Astros,3,6,0,Mariners,1,4,0
2019-04-13,Brewers,4,9,0,Dodgers,1,8,0
2019-04-14,Orioles,0,5,1,Red Sox,4,7,1
2019-04-14,White Sox,5,9,1,Yankees,2,4,0
2019-04-14,Rays,8,9,2,Blue Jays,4,8,2
2019-04-14,Phillies,3,12,0,Marlins,1,5,1
2019-04-14,Pirates,4,8,0,Nationals,3,11,0
2019-04-14,Tigers,4,8,0,Twins,6,14,0
2019-04-14,Indians,8,11,1,Royals,9,11,0
2019-04-14,Athletics,7,10,2,Rangers,8,8,0
2019-04-14,Rockies,4,5,0,Giants,0,1,1
2019-04-14,Padres,4,7,0,D-backs,8,13,0
2019-04-14,Astros,3,7,0,Mariners,2,4,0
2019-04-14,Cardinals,9,11,1,Reds,5,10,0
2019-04-14,Brewers,1,4,0,Dodgers,7,11,0
2019-04-14,Mets,3,11,1,Braves,7,10,0
2019-04-15,Orioles,8,10,0,Red Sox,1,4,1
2019-04-15,Mets,7,12,0,Phillies,6,12,2
2019-04-15,Cubs,7,8,1,Marlins,2,6,2
2019-04-15,Blue Jays,5,11,1,Twins,3,5,0
2019-04-15,Cardinals,7,8,1,Brewers,10,13,0
2019-04-15,Angels,7,8,1,Rangers,12,14,0
2019-04-15,Royals,4,6,0,White Sox,5,9,1
2019-04-15,Reds,3,7,1,Dodgers,4,5,0
2019-04-15,Rockies,5,8,0,Padres,2,8,1
2019-04-15,Indians,6,7,0,Mariners,4,8,2
2019-04-16,Red Sox,0,3,1,Yankees,8,11,0
2019-04-16,Pirates,5,8,0,Tigers,3,9,0
2019-04-16,Giants,7,10,0,Nationals,3,8,1
2019-04-16,Mets,3,10,4,Phillies,14,13,0
2019-04-16,Orioles,2,7,1,Rays,4,6,0
2019-04-16,Cubs,4,9,0,Marlins,0,7,0
2019-04-16,D-backs,9,12,0,Braves,6,10,0
2019-04-16,Blue Jays,6,9,0,Twins,5,6,0
2019-04-16,Cardinals,4,11,0,Brewers,8,12,0
2019-04-16,Angels,0,3,0,Rangers,5,9,0
2019-04-16,Royals,1,5,0,White Sox,5,9,0
2019-04-16,Rockies,8,12,1,Padres,2,5,1
2019-04-16,Astros,9,9,0,Athletics,1,4,0
2019-04-16,Reds,1,4,0,Dodgers,6,13,0
2019-04-16,Indians,4,13,2,Mariners,2,6,0
2019-04-17,Mets,2,7,0,Phillies,3,5,0
2019-04-17,Cardinals,6,15,0,Brewers,3,7,0
2019-04-17,Royals,4,7,1,White Sox,3,9,3
2019-04-17,Reds,2,3,0,Dodgers,3,3,2
2019-04-17,Red Sox,3,8,1,Yankees,5,5,0
2019-04-17,Pirates,3,6,0,Tigers,2,7,1
2019-04-17,Indians,1,3,0,Mariners,0,3,0
2019-04-17,Giants,6,10,0,Nationals,9,11,1
2019-04-17,Orioles,1,3,0,Rays,8,13,1
2019-04-17,Cubs,6,8,1,Marlins,0,5,0
2019-04-17,D-backs,3,6,0,Braves,2,7,1
2019-04-17,Blue Jays,1,8,0,Twins,4,9,0
2019-04-17,Angels,4,10,2,Rangers,5,6,0
2019-04-17,Astros,1,4,1,Athletics,2,4,2
2019-04-18,D-backs,4,10,0,Braves,1,7,2
2019-04-18,Giants,2,5,0,Nationals,4,8,0
2019-04-18,Blue Jays,7,9,0,Twins,4,8,0
2019-04-18,White Sox,7,10,0,Tigers,9,14,4
2019-04-18,Royals,6,11,1,Yankees,1,4,0
2019-04-18,Orioles,6,15,1,Rays,5,9,0
2019-04-18,Dodgers,3,6,0,Brewers,1,5,0
2019-04-18,Phillies,2,5,1,Rockies,6,11,0
2019-04-18,Mariners,11,13,1,Angels,10,16,0
2019-04-18,Reds,4,5,0,Padres,1,6,0
2019-04-19,D-backs,1,7,0,Cubs,5,8,1
2019-04-19,Giants,1,7,1,Pirates,4,6,0
2019-04-19,Royals,2,5,2,Yankees,6,8,3
2019-04-19,Red Sox,6,10,1,Rays,4,7,0
2019-04-19,White Sox,7,11,0,Tigers,3,7,0
2019-04-19,Nationals,2,6,1,Marlins,3,6,0
2019-04-19,Astros,7,11,1,Rangers,2,4,2
2019-04-19,Dodgers,5,7,0,Brewers,3,7,0
2019-04-19,Mets,5,11,2,Cardinals,4,10,2
2019-04-19,Phillies,3,17,1,Rockies,4,8,0
2019-04-19,Mariners,5,6,0,Angels,3,9,0
2019-04-19,Blue Jays,5,7,0,Athletics,1,6,0
2019-04-19,Reds,3,4,3,Padres,2,4,2
2019-04-20,Royals,2,6,0,Yankees,9,14,0
2019-04-20,Mets,2,4,0,Cardinals,10,10,0
2019-04-20,D-backs,6,13,0,Cubs,0,4,1
2019-04-20,Giants,1,4,0,Pirates,3,4,1
2019-04-20,Twins,6,9,0,Orioles,5,13,0
2019-04-20,Twins,16,19,0,Orioles,7,11,0
2019-04-20,Blue Jays,10,15,0,Athletics,1,6,0
2019-04-20,Braves,4,6,0,Indians,8,10,0
2019-04-20,Braves,8,9,0,Indians,7,9,0
2019-04-20,Red Sox,6,8,0,Rays,5,11,0
2019-04-20,Nationals,3,10,2,Marlins,9,11,0
2019-04-20,Dodgers,0,2,0,Brewers,5,8,0
2019-04-20,Astros,4,11,1,Rangers,9,10,0
2019-04-20,Phillies,8,14,1,Rockies,5,14,0
2019-04-20,Reds,4,7,0,Padres,2,7,1
2019-04-20,Mariners,6,9,1,Angels,5,13,0
2019-04-21,Twins,4,9,1,Orioles,3,9,1
2019-04-21,Royals,6,10,0,Yankees,7,12,0
2019-04-21,White Sox,3,6,1,Tigers,4,9,0
2019-04-21,Nationals,5,9,0,Marlins,0,3,0
2019-04-21,Giants,3,9,0,Pirates,2,5,0
2019-04-21,Red Sox,4,8,0,Rays,3,7,0
2019-04-21,Dodgers,6,10,0,Brewers,5,6,0
2019-04-21,Mets,4,7,2,Cardinals,6,8,1
2019-04-21,D-backs,1,3,1,Cubs,2,6,0
2019-04-21,Astros,10,11,0,Rangers,11,10,1
2019-04-21,Phillies,1,6,0,Rockies,4,10,2
2019-04-21,Mariners,6,10,1,Angels,8,11,0
2019-04-21,Blue Jays,5,13,1,Athletics,4,7,2
2019-04-21,Reds,3,9,0,Padres,4,9,0
2019-04-21,Braves,11,17,1,Indians,5,12,1
2019-04-22,D-backs,12,17,0,Pirates,4,9,0
2019-04-22,White Sox,12,15,1,Orioles,2,9,2
2019-04-22,Royals,3,6,0,Rays,6,8,0
2019-04-22,Phillies,1,3,3,Mets,5,9,0
2019-04-22,Brewers,5,5,1,Cardinals,13,17,0
2019-04-22,Twins,9,12,1,Astros,5,11,1
2019-04-22,Nationals,5,6,0,Rockies,7,11,0
2019-04-22,Rangers,1,6,1,Athletics,6,7,0
2019-04-22,Yankees,4,5,0,Angels,3,7,1
2019-04-23,Tigers,7,12,1,Red Sox,4,5,0
2019-04-23,Tigers,4,12,0,Red Sox,2,9,0
2019-04-23,Marlins,3,9,2,Indians,1,3,1
2019-04-23,Braves,6,10,1,Reds,7,9,2
2019-04-23,D-backs,2,6,0,Pirates,1,7,0
2019-04-23,White Sox,1,6,1,Orioles,9,11,1
2019-04-23,Giants,7,10,0,Blue Jays,6,9,1
2019-04-23,Royals,2,6,0,Rays,5,7,0
2019-04-23,Phillies,0,5,2,Mets,9,10,0
2019-04-23,Brewers,3,5,0,Cardinals,4,11,1
2019-04-23,Dodgers,2,7,0,Cubs,7,8,0
2019-04-23,Twins,4,6,2,Astros,10,12,0
2019-04-23,Nationals,6,10,1,Rockies,3,6,0
2019-04-23,Rangers,5,14,1,Athletics,11,14,1
2019-04-23,Yankees,7,14,1,Angels,5,8,0
2019-04-23,Mariners,3,7,2,Padres,6,8,0
2019-04-25,D-backs,5,9,0,Pirates,0,5,0
2019-04-25,Dodgers,2,4,0,Cubs,1,7,1
2019-04-25,Braves,2,11,0,Reds,4,5,0
2019-04-25,Marlins,3,12,0,Phillies,1,4,0
2019-04-25,Tigers,3,7,0,Red Sox,7,10,2
2019-04-25,Indians,2,4,0,Astros,1,4,0
2019-04-25,Yankees,5,9,2,Angels,11,9,1
2019-04-25,Rangers,2,9,1,Mariners,14,14,1
2019-04-26,Padres,4,6,1,Nationals,3,6,0
2019-04-26,Marlins,0,5,0,Phillies,4,6,0
2019-04-26,Athletics,2,5,0,Blue Jays,4,8,0
2019-04-26,Brewers,10,10,0,Mets,2,7,0
2019-04-26,Rockies,8,12,1,Braves,4,10,1
2019-04-26,Indians,6,9,1,Astros,3,9,0
2019-04-26,Orioles,1,8,1,Twins,6,10,0
2019-04-26,Tigers,11,15,0,White Sox,12,21,0
2019-04-26,Angels,5,10,0,Royals,1,5,0
2019-04-26,Reds,12,14,0,Cardinals,1,8,0
2019-04-26,Cubs,3,8,0,D-backs,8,11,0
2019-04-26,Pirates,2,9,2,Dodgers,6,9,0
2019-04-26,Rangers,4,6,0,Mariners,5,6,1
2019-04-26,Yankees,7,15,0,Giants,3,5,2
2019-04-27,Orioles,2,8,1,Twins,9,10,0
2019-04-27,Reds,3,7,1,Cardinals,6,9,1
2019-04-27,Athletics,1,4,1,Blue Jays,7,12,1
2019-04-27,Indians,3,8,0,Astros,4,5,0
2019-04-27,Padres,8,8,0,Nationals,3,5,1
2019-04-27,Rays,2,4,2,Red Sox,1,5,0
2019-04-27,Yankees,6,8,0,Giants,4,9,0
2019-04-27,Marlins,9,17,0,Phillies,12,14,0
2019-04-27,Brewers,8,14,1,Mets,6,12,2
2019-04-27,Angels,4,7,0,Royals,9,15,0
2019-04-27,Rockies,9,9,0,Braves,5,9,0
2019-04-27,Cubs,9,12,1,D-backs,1,2,0
2019-04-27,Pirates,1,5,1,Dodgers,3,6,0
2019-04-27,Rangers,15,20,0,Mariners,1,3,3
2019-04-28,Rays,5,5,0,Red Sox,2,7,2
2019-04-28,Marlins,1,7,1,Phillies,5,4,0
2019-04-28,Athletics,4,6,2,Blue Jays,5,11,1
2019-04-28,Brewers,2,5,1,Mets,5,9,0
2019-04-28,Rockies,7,9,1,Braves,8,10,1
2019-04-28,Padres,6,11,3,Nationals,7,14,1
2019-04-28,Orioles,1,4,1,Twins,4,6,1
2019-04-28,Tigers,1,2,1,White Sox,4,9,1
2019-04-28,Angels,7,9,0,Royals,3,6,1
2019-04-28,Reds,2,8,0,Cardinals,5,7,2
2019-04-28,Yankees,11,14,1,Giants,5,6,2
2019-04-28,Cubs,6,13,0,D-backs,5,12,2
2019-04-28,Pirates,6,9,1,Dodgers,7,10,2
2019-04-28,Rangers,14,17,0,Mariners,1,7,4
2019-04-28,Indians,1,8,0,Astros,4,6,0
2019-04-29,Cardinals,6,9,0,Nationals,3,4,1
2019-04-29,Reds,5,9,0,Mets,4,6,0
2019-04-29,Athletics,4,8,2,Red Sox,9,12,0
2019-04-29,Padres,1,5,2,Braves,3,6,0
2019-04-29,Astros,0,5,0,Twins,1,3,0
2019-04-29,Rockies,1,4,0,Brewers,5,8,1
2019-04-29,Orioles,3,9,1,White Sox,5,9,2
2019-04-29,Rays,8,11,1,Royals,5,5,0
2019-04-29,Dodgers,2,9,0,Giants,3,11,0
2019-04-30,Cardinals,3,7,1,Nationals,2,7,0
2019-04-30,Tigers,3,7,1,Phillies,1,4,1
2019-04-30,Reds,3,8,0,Mets,4,9,3
2019-04-30,Athletics,1,3,1,Red Sox,5,7,0
2019-04-30,Indians,7,9,0,Marlins,4,5,2
2019-04-30,Padres,4,6,0,Braves,3,8,0
2019-04-30,Astros,11,15,0,Twins,0,3,2
2019-04-30,Rockies,3,4,0,Brewers,4,6,0
2019-04-30,Pirates,6,14,0,Rangers,4,7,1
2019-04-30,Yankees,1,5,0,D-backs,3,7,0
2019-04-30,Dodgers,10,10,0,Giants,3,6,0
2019-04-30,Blue Jays,3,5,0,Angels,4,7,0
2019-04-30,Cubs,6,10,2,Mariners,5,8,0
2019-05-01,Athletics,3,7,0,Red Sox,7,9,0
2019-05-01,Rays,2,8,0,Royals,3,4,1
2019-05-01,Rays,2,7,0,Royals,8,11,1
2019-05-01,Pirates,7,8,1,Rangers,5,7,0
2019-05-01,Yankees,2,7,0,D-backs,3,5,1
2019-05-01,Orioles,5,11,3,White Sox,4,7,2
2019-05-01,Orioles,6,11,2,White Sox,7,9,2
2019-05-01,Cubs,11,10,1,Mariners,0,1,1
2019-05-01,Cardinals,5,11,0,Nationals,1,9,1
2019-05-01,Tigers,3,12,0,Phillies,7,15,0
2019-05-01,Reds,1,4,0,Mets,0,5,1
2019-05-01,Indians,2,6,0,Marlins,4,10,0
2019-05-01,Padres,1,5,1,Braves,5,8,2
2019-05-01,Rockies,11,10,0,Brewers,4,8,0
2019-05-01,Astros,2,7,1,Twins,6,7,0
2019-05-01,Dodgers,1,6,0,Giants,2,7,2
2019-05-01,Blue Jays,3,6,2,Angels,6,8,2
2019-05-02,Reds,0,4,0,Mets,1,4,1
2019-05-02,Padres,11,17,0,Braves,2,10,1
2019-05-02,Astros,2,8,0,Twins,8,10,0
2019-05-02,Rockies,11,14,0,Brewers,6,10,2
2019-05-02,Rays,3,7,0,Royals,1,5,0
2019-05-02,Cardinals,1,9,2,Nationals,2,5,0
2019-05-02,Red Sox,4,8,1,White Sox,6,9,0
2019-05-02,Blue Jays,2,6,1,Angels,6,11,0
2019-05-03,Cardinals,0,4,0,Cubs,4,6,0
2019-05-03,Athletics,14,16,2,Pirates,1,7,2
2019-05-03,Rays,7,12,0,Orioles,0,5,0
2019-05-03,Nationals,2,6,0,Phillies,4,6,0
2019-05-03,Twins,3,4,2,Yankees,6,8,1
2019-05-03,Royals,3,7,0,Tigers,4,8,0
2019-05-03,Mariners,1,8,0,Indians,2,4,0
2019-05-03,Giants,12,17,3,Reds,11,13,0
2019-05-03,Braves,7,10,0,Marlins,2,6,0
2019-05-03,Blue Jays,1,11,0,Rangers,0,4,2
2019-05-03,Red Sox,6,11,1,White Sox,1,5,0
2019-05-03,Mets,1,7,0,Brewers,3,10,1
2019-05-03,D-backs,10,12,3,Rockies,9,10,0
2019-05-03,Dodgers,4,9,1,Padres,3,6,0
2019-05-04,Twins,7,12,0,Yankees,3,7,2
2019-05-04,Cardinals,5,9,1,Cubs,6,7,0
2019-05-04,Royals,15,19,1,Tigers,3,8,1
2019-05-04,Mariners,4,7,1,Indians,5,9,0
2019-05-04,Braves,9,12,3,Marlins,2,3,3
2019-05-04,Athletics,4,10,0,Pirates,6,12,0
2019-05-04,Rays,0,3,1,Orioles,3,7,0
2019-05-04,Nationals,10,13,3,Phillies,8,12,2
2019-05-04,Astros,14,14,1,Angels,2,8,0
2019-05-04,Giants,2,5,0,Reds,9,9,0
2019-05-04,Red Sox,15,21,0,White Sox,2,7,2
2019-05-04,Mets,3,10,3,Brewers,4,11,0
2019-05-04,Blue Jays,5,9,1,Rangers,8,7,0
2019-05-04,D-backs,9,12,0,Rockies,2,5,0
2019-05-04,Dodgers,7,11,2,Padres,6,10,0
2019-05-05,Royals,2,7,0,Tigers,5,9,1
2019-05-05,Mariners,10,12,0,Indians,0,2,0
2019-05-05,Braves,3,6,0,Marlins,1,6,1
2019-05-05,Athletics,3,9,0,Pirates,5,8,0
2019-05-05,Nationals,1,6,2,Phillies,7,8,1
2019-05-05,Red Sox,9,9,0,White Sox,2,6,2
2019-05-05,Mets,2,6,0,Brewers,3,5,0
2019-05-05,Blue Jays,2,6,0,Rangers,10,12,0
2019-05-05,D-backs,7,11,2,Rockies,8,10,1
2019-05-05,Twins,1,4,1,Yankees,4,6,0
2019-05-05,Astros,10,13,0,Angels,4,6,0
2019-05-05,Dodgers,5,8,0,Padres,8,7,0
2019-05-05,Giants,6,6,0,Reds,5,6,0
2019-05-05,Cardinals,5,12,0,Cubs,13,12,4
2019-05-06,Giants,4,5,0,Reds,12,14,1
2019-05-06,White Sox,9,13,0,Indians,1,10,1
2019-05-06,Mariners,3,7,1,Yankees,7,9,0
2019-05-06,Red Sox,1,3,0,Orioles,4,8,1
2019-05-06,Twins,8,12,0,Blue Jays,0,3,2
2019-05-06,D-backs,1,2,0,Rays,12,13,1
2019-05-06,Nationals,3,5,3,Brewers,5,11,1
2019-05-06,Phillies,0,5,0,Cardinals,6,7,0
2019-05-06,Marlins,6,6,0,Cubs,5,8,1
2019-05-06,Royals,4,9,1,Astros,6,11,0
2019-05-06,Mets,0,4,0,Padres,4,7,0
2019-05-06,Braves,3,5,1,Dodgers,5,9,0
2019-05-07,White Sox,2,8,0,Indians,0,5,0
2019-05-07,Mariners,4,10,1,Yankees,5,9,2
2019-05-07,Red Sox,8,7,0,Orioles,5,8,0
2019-05-07,Rangers,4,5,0,Pirates,5,8,1
2019-05-07,Twins,3,8,0,Blue Jays,0,6,0
2019-05-07,Angels,5,9,1,Tigers,2,5,1
2019-05-07,D-backs,3,7,0,Rays,6,12,0
2019-05-07,Nationals,0,5,0,Brewers,6,8,1
2019-05-07,Phillies,11,12,0,Cardinals,1,4,2
2019-05-07,Marlins,2,9,0,Cubs,5,7,2
2019-05-07,Royals,12,13,0,Astros,2,7,0
2019-05-07,Giants,14,16,0,Rockies,4,10,0
2019-05-07,Reds,0,0,1,Athletics,2,5,1
2019-05-07,Mets,7,12,1,Padres,6,12,1
2019-05-07,Braves,0,4,0,Dodgers,9,11,0
2019-05-08,Rangers,9,9,2,Pirates,6,10,0
2019-05-08,D-backs,3,9,1,Rays,2,8,0
2019-05-08,Nationals,3,8,1,Brewers,7,11,1
2019-05-08,Phillies,5,7,0,Cardinals,0,3,2
2019-05-08,Mets,2,7,1,Padres,3,5,0
2019-05-08,White Sox,3,9,0,Indians,5,12,0
2019-05-08,Mariners,10,14,0,Yankees,1,5,1
2019-05-08,Red Sox,2,8,0,Orioles,1,5,1
2019-05-08,Twins,9,18,0,Blue Jays,1,2,1
2019-05-08,Angels,3,7,1,Tigers,10,10,1
2019-05-08,Marlins,2,8,0,Cubs,3,6,1
2019-05-08,Royals,0,3,0,Astros,9,11,1
2019-05-08,Reds,4,8,1,Athletics,5,11,0
2019-05-08,Braves,4,11,0,Dodgers,9,9,0
2019-05-09,Angels,13,15,0,Tigers,0,5,1
2019-05-09,White Sox,0,2,1,Indians,5,9,0
2019-05-09,Marlins,1,4,0,Cubs,4,8,0
2019-05-09,Giants,11,9,0,Rockies,12,14,2
2019-05-09,Reds,3,8,1,Athletics,0,6,1
2019-05-09,Mariners,1,2,0,Yankees,3,9,1
2019-05-09,Pirates,4,10,1,Cardinals,17,16,0
2019-05-09,Rangers,2,3,0,Astros,4,9,1
2019-05-09,Braves,2,5,0,D-backs,3,11,0
2019-05-09,Nationals,6,9,0,Dodgers,0,6,3
2019-05-10,Brewers,7,8,0,Cubs,0,7,1
2019-05-10,Angels,8,12,1,Orioles,3,5,0
2019-05-10,White Sox,3,6,1,Blue Jays,4,4,0
2019-05-10,Mariners,1,8,2,Red Sox,14,15,0
2019-05-10,Marlins,2,10,0,Mets,11,15,1
2019-05-10,Yankees,4,7,0,Rays,3,8,2
2019-05-10,Rangers,0,2,0,Astros,3,6,0
2019-05-10,Tigers,0,3,1,Twins,6,7,0
2019-05-10,Pirates,2,9,3,Cardinals,1,10,0
2019-05-10,Phillies,1,4,1,Royals,5,8,0
2019-05-10,Padres,2,12,0,Rockies,12,17,1
2019-05-10,Indians,3,10,0,Athletics,4,10,0
2019-05-10,Braves,2,7,1,D-backs,1,4,0
2019-05-10,Nationals,0,4,0,Dodgers,5,9,0
2019-05-10,Reds,7,9,0,Giants,0,4,2
2019-05-11,Mariners,5,6,0,Red Sox,9,10,1
2019-05-11,Tigers,5,10,0,Twins,3,7,1
2019-05-11,Tigers,3,7,1,Twins,8,15,0
2019-05-11,Pirates,2,4,0,Cardinals,1,2,0
2019-05-11,Brewers,1,4,0,Cubs,2,9,0
2019-05-11,White Sox,7,11,0,Blue Jays,2,8,3
2019-05-11,Angels,7,10,0,Orioles,2,9,0
2019-05-11,Indians,2,10,2,Athletics,3,4,0
2019-05-11,Yankees,2,5,1,Rays,7,10,0
2019-05-11,Marlins,1,6,0,Mets,4,9,0
2019-05-11,Phillies,7,9,0,Royals,0,4,1
2019-05-11,Padres,4,9,0,Rockies,3,6,0
2019-05-11,Rangers,4,9,2,Astros,11,13,0
2019-05-11,Braves,6,13,1,D-backs,4,8,0
2019-05-11,Reds,5,10,1,Giants,4,9,0
2019-05-11,Nationals,5,7,0,Dodgers,2,5,2
2019-05-12,Angels,1,4,1,Orioles,5,9,1
2019-05-12,Mariners,2,4,1,Red Sox,11,12,1
2019-05-12,White Sox,5,10,0,Blue Jays,1,4,0
2019-05-12,Yankees,7,9,0,Rays,1,7,0
2019-05-12,Rangers,5,9,2,Astros,15,18,0
2019-05-12,Tigers,5,8,0,Twins,3,10,0
2019-05-12,Pirates,10,14,0,Cardinals,6,12,0
2019-05-12,Phillies,6,8,0,Royals,1,6,1
2019-05-12,Padres,7,10,1,Rockies,10,13,0
2019-05-12,Reds,5,11,0,Giants,6,10,1
2019-05-12,Indians,5,7,0,Athletics,3,7,0
2019-05-12,Nationals,0,1,0,Dodgers,6,7,0
2019-05-12,Braves,5,12,1,D-backs,3,14,0
2019-05-12,Brewers,1,9,2,Cubs,4,8,1
2019-05-13,Brewers,4,12,1,Phillies,7,11,1
2019-05-13,Astros,8,11,0,Tigers,1,5,0
2019-05-13,Angels,5,15,1,Twins,4,7,1
2019-05-13,Indians,2,2,0,White Sox,5,9,1
2019-05-13,Pirates,3,13,0,D-backs,9,13,1
2019-05-13,Athletics,5,10,1,Mariners,6,7,1
2019-05-14,Indians,9,11,1,White Sox,0,7,1
2019-05-14,Cubs,3,11,0,Reds,1,3,0
2019-05-14,Mets,6,8,0,Nationals,2,5,0
2019-05-14,Brewers,6,12,1,Phillies,1,5,0
2019-05-14,Rockies,5,6,2,Red Sox,4,9,0
2019-05-14,Astros,11,14,0,Tigers,4,7,1
2019-05-14,Rays,4,8,0,Marlins,0,6,0
2019-05-14,Cardinals,14,14,0,Braves,3,3,0
2019-05-14,Angels,3,11,0,Twins,4,7,0
2019-05-14,Rangers,5,10,0,Royals,11,14,0
2019-05-14,Pirates,6,11,0,D-backs,2,4,0
2019-05-14,Blue Jays,7,10,0,Giants,3,5,1
2019-05-14,Padres,3,7,1,Dodgers,6,8,0
2019-05-14,Athletics,3,6,0,Mariners,4,7,2
2019-05-15,Angels,7,18,1,Twins,8,10,1
2019-05-15,Orioles,3,7,1,Yankees,5,7,0
2019-05-15,Orioles,1,7,1,Yankees,3,7,1
2019-05-15,Pirates,1,6,1,D-backs,11,11,0
2019-05-15,Blue Jays,3,5,1,Giants,4,8,3
2019-05-15,Cubs,5,9,0,Reds,6,12,1
2019-05-15,Mets,1,4,0,Nationals,5,9,0
2019-05-15,Brewers,5,7,0,Phillies,2,9,2
2019-05-15,Rockies,5,11,0,Red Sox,6,13,0
2019-05-15,Astros,5,8,1,Tigers,1,2,2
2019-05-15,Rays,1,7,0,Marlins,0,7,0
2019-05-15,Cardinals,0,3,1,Braves,4,6,0
2019-05-15,Rangers,6,12,0,Royals,1,9,0
2019-05-15,Padres,0,4,1,Dodgers,2,8,1
2019-05-16,Mets,6,11,0,Nationals,7,12,0
2019-05-16,Brewers,11,13,3,Phillies,3,4,1
2019-05-16,Athletics,17,16,0,Tigers,3,7,1
2019-05-16,Rangers,16,21,0,Royals,1,9,1
2019-05-16,Orioles,7,10,0,Indians,14,14,0
2019-05-16,Cubs,2,4,0,Reds,4,12,0
2019-05-16,Cardinals,2,6,0,Braves,10,14,0
2019-05-16,Blue Jays,2,2,1,White Sox,4,10,1
2019-05-16,Pirates,3,8,0,Padres,4,5,3
2019-05-16,Twins,11,16,1,Mariners,6,8,2
2019-05-17,Cubs,14,18,0,Nationals,6,13,1
2019-05-17,Rockies,4,5,0,Phillies,5,8,2
2019-05-17,Rays,3,10,0,Yankees,4,9,1
2019-05-17,Orioles,5,10,2,Indians,1,3,0
2019-05-17,Astros,3,6,0,Red Sox,1,9,0
2019-05-17,Dodgers,6,10,0,Reds,0,3,0
2019-05-17,Athletics,7,9,0,Tigers,2,4,1
2019-05-17,Mets,6,12,2,Marlins,8,10,0
2019-05-17,Brewers,8,10,2,Braves,12,17,1
2019-05-17,Cardinals,3,9,0,Rangers,7,11,1
2019-05-17,Blue Jays,10,15,0,White Sox,2,6,1
2019-05-17,Giants,0,9,1,D-backs,7,10,0
2019-05-17,Royals,2,6,0,Angels,5,10,0
2019-05-17,Pirates,5,9,1,Padres,3,7,1
2019-05-17,Twins,7,10,0,Mariners,1,5,1
2019-05-18,Rays,2,6,1,Yankees,1,8,1
2019-05-18,Blue Jays,1,3,1,White Sox,4,7,0
2019-05-18,Cardinals,8,10,0,Rangers,2,6,2
2019-05-18,Rockies,1,9,2,Phillies,2,6,0
2019-05-18,Orioles,1,1,0,Indians,4,7,1
2019-05-18,Dodgers,0,6,1,Reds,4,7,0
2019-05-18,Athletics,4,8,1,Tigers,1,5,0
2019-05-18,Mets,0,1,0,Marlins,2,5,0
2019-05-18,Astros,7,13,0,Red Sox,3,5,1
2019-05-18,Cubs,2,4,1,Nationals,5,11,0
2019-05-18,Brewers,3,8,1,Braves,4,8,0
2019-05-18,Pirates,7,12,0,Padres,2,8,2
2019-05-18,Royals,3,8,1,Angels,6,7,0
2019-05-18,Giants,8,11,2,D-backs,5,6,0
2019-05-18,Twins,18,19,2,Mariners,4,10,1
2019-05-19,Astros,3,4,1,Red Sox,4,11,0
2019-05-19,Rockies,5,7,1,Phillies,7,9,1
2019-05-19,Rays,5,7,4,Yankees,13,10,0
2019-05-19,Orioles,0,5,1,Indians,10,11,0
2019-05-19,Dodgers,8,6,1,Reds,3,9,1
2019-05-19,Athletics,7,12,1,Tigers,3,5,0
2019-05-19,Mets,0,2,0,Marlins,3,6,1
2019-05-19,Brewers,3,9,0,Braves,2,5,0
2019-05-19,Blue Jays,5,8,0,White Sox,2,7,1
2019-05-19,Cardinals,4,7,0,Rangers,5,9,1
2019-05-19,Royals,5,9,0,Angels,1,6,1
2019-05-19,Pirates,6,11,1,Padres,4,5,0
2019-05-19,Giants,3,5,0,D-backs,2,3,0
2019-05-19,Twins,4,7,0,Mariners,7,11,2
2019-05-19,Cubs,6,9,1,Nationals,5,9,1
2019-05-20,Red Sox,12,16,1,Blue Jays,2,3,1
2019-05-20,Athletics,6,11,0,Indians,4,8,1
2019-05-20,Yankees,10,11,2,Orioles,7,13,1
2019-05-20,Nationals,3,7,2,Mets,5,8,0
2019-05-20,Mariners,9,13,1,Rangers,10,15,0
2019-05-20,Phillies,5,9,1,Cubs,4,11,0
2019-05-20,White Sox,0,6,1,Astros,3,8,0
2019-05-20,Braves,4,6,1,Giants,1,2,1
2019-05-20,Twins,3,10,0,Angels,1,6,0
2019-05-20,D-backs,1,5,0,Padres,2,6,0
2019-05-21,Athletics,5,7,0,Indians,3,4,0
2019-05-21,Rockies,5,10,1,Pirates,0,3,1
2019-05-21,Phillies,2,6,0,Cubs,3,10,1
2019-05-21,Yankees,11,12,1,Orioles,4,8,1
2019-05-21,Red Sox,3,7,0,Blue Jays,10,11,1
2019-05-21,Nationals,5,8,0,Mets,6,8,0
2019-05-21,Dodgers,7,12,0,Rays,3,10,1
2019-05-21,Marlins,5,10,1,Tigers,4,5,1
2019-05-21,Reds,3,4,0,Brewers,0,6,0
2019-05-21,Mariners,3,6,0,Rangers,5,8,0
2019-05-21,White Sox,1,1,0,Astros,5,8,0
2019-05-21,Braves,3,11,1,Giants,4,9,0
2019-05-21,Twins,8,10,0,Angels,3,7,0
2019-05-21,D-backs,2,5,0,Padres,3,4,0
2019-05-22,Athletics,7,13,0,Indians,2,8,1
2019-05-22,Reds,9,11,1,Brewers,11,12,0
2019-05-22,Royals,8,8,1,Cardinals,2,4,1
2019-05-22,Royals,3,8,0,Cardinals,10,12,0
2019-05-22,Mariners,1,7,2,Rangers,2,8,0
2019-05-22,D-backs,2,6,0,Padres,5,12,0
2019-05-22,Rockies,9,16,0,Pirates,3,8,0
2019-05-22,Yankees,7,13,1,Orioles,5,7,0
2019-05-22,Red Sox,6,10,0,Blue Jays,5,11,0
2019-05-22,Nationals,1,3,1,Mets,6,7,0
2019-05-22,Dodgers,1,5,1,Rays,8,10,0
2019-05-22,Marlins,6,11,1,Tigers,3,10,0
2019-05-22,Phillies,4,13,0,Cubs,8,8,0
2019-05-22,White Sox,9,10,1,Astros,4,12,1
2019-05-22,Braves,9,7,0,Giants,2,6,1
2019-05-23,Nationals,4,13,1,Mets,6,7,2
2019-05-23,Rockies,6,11,1,Pirates,14,15,1
2019-05-23,Yankees,6,8,1,Orioles,5,8,0
2019-05-23,Red Sox,8,15,0,Blue Jays,2,5,1
2019-05-23,Marlins,5,7,0,Tigers,2,11,2
2019-05-23,Phillies,9,12,0,Cubs,7,11,1
2019-05-23,Braves,5,11,0,Giants,4,7,0
2019-05-23,Twins,16,17,1,Angels,7,10,0
2019-05-23,Rays,7,14,0,Indians,2,4,0
2019-05-23,White Sox,4,11,0,Astros,0,4,1
2019-05-24,Reds,6,11,0,Cubs,5,8,1
2019-05-24,Dodgers,10,13,0,Pirates,2,7,1
2019-05-24,Marlins,10,15,1,Nationals,12,14,4
2019-05-24,Padres,6,7,0,Blue Jays,3,3,1
2019-05-24,Tigers,9,14,0,Mets,8,11,1
2019-05-24,Rays,1,6,0,Indians,3,6,1
2019-05-24,Red Sox,3,7,3,Astros,4,4,0
2019-05-24,White Sox,4,9,1,Twins,11,12,1
2019-05-24,Phillies,6,11,0,Brewers,4,8,0
2019-05-24,Braves,5,12,1,Cardinals,2,7,1
2019-05-24,Orioles,6,10,0,Rockies,8,14,0
2019-05-24,Mariners,2,10,1,Athletics,6,8,0
2019-05-24,Rangers,4,7,0,Angels,3,7,2
2019-05-24,D-backs,18,21,0,Giants,2,7,1
2019-05-25,White Sox,1,6,1,Twins,8,10,1
2019-05-25,Yankees,7,10,1,Royals,3,6,0
2019-05-25,Yankees,6,10,1,Royals,5,9,1
2019-05-25,Reds,6,14,0,Cubs,8,11,0
2019-05-25,Padres,19,20,1,Blue Jays,4,4,0
2019-05-25,D-backs,10,13,1,Giants,4,8,2
2019-05-25,Marlins,0,4,1,Nationals,5,7,0
2019-05-25,Mariners,5,9,1,Athletics,6,11,0
2019-05-25,Tigers,4,14,2,Mets,5,7,1
2019-05-25,Rays,6,12,0,Indians,2,5,1
2019-05-25,Phillies,7,12,0,Brewers,2,5,0
2019-05-25,Red Sox,3,9,0,Astros,4,13,0
2019-05-25,Dodgers,7,13,2,Pirates,2,11,0
2019-05-25,Braves,3,7,0,Cardinals,6,9,0
2019-05-25,Orioles,9,17,0,Rockies,6,10,0
2019-05-25,Rangers,2,5,0,Angels,3,9,1
2019-05-26,Padres,1,10,0,Blue Jays,10,17,0
2019-05-26,Tigers,3,6,0,Mets,4,8,0
2019-05-26,Rays,6,8,0,Indians,3,8,3
2019-05-26,Dodgers,11,12,0,Pirates,7,12,1
2019-05-26,Marlins,6,11,1,Nationals,9,15,0
2019-05-26,Red Sox,4,6,0,Astros,1,4,2
2019-05-26,White Sox,0,5,1,Twins,7,6,0
2019-05-26,Phillies,1,1,0,Brewers,9,12,0
2019-05-26,Yankees,7,11,1,Royals,8,14,1
2019-05-26,Reds,10,17,1,Cubs,2,8,2
2019-05-26,Orioles,7,11,3,Rockies,8,12,1
2019-05-26,D-backs,6,10,0,Giants,2,10,2
2019-05-26,Mariners,1,6,1,Athletics,7,7,0
2019-05-26,Rangers,6,7,2,Angels,7,11,2
2019-05-26,Braves,4,9,2,Cardinals,3,3,0
2019-05-27,Tigers,3,8,2,Orioles,5,7,1
2019-05-27,Marlins,3,9,0,Nationals,2,5,2
2019-05-27,Padres,2,6,2,Yankees,5,7,0
2019-05-27,Pirates,8,12,0,Reds,5,12,2
2019-05-27,Pirates,1,8,0,Reds,8,10,0
2019-05-27,Blue Jays,3,4,2,Rays,8,14,0
2019-05-27,Cubs,5,9,0,Astros,6,10,0
2019-05-27,Royals,1,7,0,White Sox,2,7,0
2019-05-27,D-backs,3,9,0,Rockies,4,8,0
2019-05-27,Indians,5,9,1,Red Sox,12,13,1
2019-05-27,Angels,5,9,0,Athletics,8,10,0
2019-05-27,Brewers,5,6,0,Twins,4,10,0
2019-05-27,Mets,5,15,0,Dodgers,9,17,1
2019-05-27,Rangers,2,6,1,Mariners,6,9,0
2019-05-28,Royals,1,7,0,White Sox,2,7,0
2019-05-28,Padres,5,10,0,Yankees,4,8,1
2019-05-28,Pirates,6,8,0,Reds,11,11,0
2019-05-28,Tigers,3,8,0,Orioles,0,6,1
2019-05-28,Cardinals,3,4,0,Phillies,4,8,0
2019-05-28,Indians,7,8,1,Red Sox,5,10,0
2019-05-28,Blue Jays,1,6,0,Rays,3,6,0
2019-05-28,Giants,3,6,2,Marlins,11,14,0
2019-05-28,Nationals,5,11,0,Braves,4,8,0
2019-05-28,Cubs,6,9,1,Astros,9,11,0
2019-05-28,Royals,3,3,1,White Sox,4,12,0
2019-05-28,Brewers,3,8,1,Twins,5,10,0
2019-05-28,D-backs,2,9,0,Rockies,6,8,1
2019-05-28,Angels,6,7,0,Athletics,4,7,0
2019-05-28,Mets,7,10,0,Dodgers,3,8,1
2019-05-28,Rangers,11,11,0,Mariners,4,12,1
2019-05-29,Pirates,7,15,0,Reds,2,7,0
2019-05-29,Padres,0,4,1,Yankees,7,10,1
2019-05-29,Angels,12,16,0,Athletics,7,12,2
2019-05-29,Rangers,8,13,0,Mariners,7,11,3
2019-05-29,Indians,14,18,1,Red Sox,9,14,0
2019-05-29,Tigers,4,6,1,Orioles,2,5,0
2019-05-29,Cardinals,4,8,1,Phillies,11,12,1
2019-05-29,Blue Jays,3,12,0,Rays,4,14,0
2019-05-29,Giants,2,6,0,Marlins,4,11,1
2019-05-29,Nationals,14,15,0,Braves,4,6,0
2019-05-29,Cubs,2,7,0,Astros,1,4,0
2019-05-29,Royals,7,15,0,White Sox,8,10,0
2019-05-29,D-backs,4,11,1,Rockies,5,10,0
2019-05-29,Mets,8,13,0,Dodgers,9,15,1
2019-05-30,Cardinals,5,10,0,Phillies,3,7,0
2019-05-30,Giants,3,6,0,Marlins,1,7,0
2019-05-30,D-backs,10,16,0,Rockies,11,18,1
2019-05-30,Brewers,11,18,0,Pirates,5,10,0
2019-05-30,Twins,3,7,1,Rays,14,16,1
2019-05-30,Royals,4,10,0,Rangers,2,5,0
2019-05-30,Indians,4,6,2,White Sox,10,15,1
2019-05-30,Mets,0,4,0,Dodgers,2,9,0
2019-05-30,Angels,9,15,1,Mariners,3,4,1
2019-05-31,Giants,6,9,2,Orioles,9,9,1
2019-05-31,Red Sox,1,5,0,Yankees,4,8,0
2019-05-31,Brewers,4,6,3,Pirates,9,13,0
2019-05-31,Nationals,3,7,1,Reds,9,15,0
2019-05-31,Twins,5,10,0,Rays,3,4,1
2019-05-31,Tigers,8,11,1,Braves,2,7,2
2019-05-31,Royals,2,7,0,Rangers,6,6,0
2019-05-31,Indians,1,9,4,White Sox,6,10,0
2019-05-31,Cubs,1,6,0,Cardinals,2,5,0
2019-05-31,Blue Jays,6,11,0,Rockies,13,17,0
2019-05-31,Mets,5,13,0,D-backs,4,8,0
2019-05-31,Astros,3,8,0,Athletics,2,6,1
2019-05-31,Angels,3,6,0,Mariners,4,5,0
2019-05-31,Phillies,3,5,0,Dodgers,6,12,0
2019-05-31,Marlins,2,4,2,Padres,5,9,1
2019-06-01,Twins,6,13,1,Rays,2,9,1
2019-06-01,Indians,5,7,1,White Sox,2,4,2
2019-06-01,Giants,8,8,0,Orioles,2,6,0
2019-06-01,Royals,2,8,1,Rangers,6,11,0
2019-06-01,Brewers,12,14,0,Pirates,10,18,0
2019-06-01,Nationals,5,8,2,Reds,2,8,0
2019-06-01,Tigers,5,11,2,Braves,10,11,2
2019-06-01,Angels,6,11,0,Mariners,3,7,2
2019-06-01,Cubs,4,7,0,Cardinals,7,12,0
2019-06-01,Red Sox,3,11,0,Yankees,5,11,0
2019-06-01,Blue Jays,2,4,2,Rockies,4,8,1
2019-06-01,Astros,5,8,0,Athletics,1,5,0
2019-06-01,Mets,5,9,2,D-backs,6,11,0
2019-06-01,Phillies,3,7,1,Dodgers,4,8,1
2019-06-01,Marlins,9,11,0,Padres,3,4,1
2019-06-02,Giants,8,11,0,Orioles,1,4,1
2019-06-02,Nationals,4,9,0,Reds,1,3,1
2019-06-02,Twins,9,12,1,Rays,7,9,2
2019-06-02,Tigers,4,9,3,Braves,7,7,1
2019-06-02,Brewers,4,9,1,Pirates,2,8,0
2019-06-02,Indians,0,6,0,White Sox,2,5,0
2019-06-02,Cubs,1,3,1,Cardinals,2,4,0
2019-06-02,Royals,1,10,0,Rangers,5,11,0
2019-06-02,Blue Jays,1,6,0,Rockies,5,9,1
2019-06-02,Astros,6,11,0,Athletics,4,10,2
2019-06-02,Mets,1,6,1,D-backs,7,10,0
2019-06-02,Angels,13,15,0,Mariners,3,5,3
2019-06-02,Phillies,0,3,1,Dodgers,8,10,0
2019-06-02,Marlins,9,13,0,Padres,3,4,0
2019-06-02,Red Sox,8,13,1,Yankees,5,8,1
2019-06-03,Angels,1,4,0,Cubs,8,11,1
2019-06-03,Dodgers,3,7,0,D-backs,1,3,0
2019-06-03,Astros,4,5,0,Mariners,2,7,0
2019-06-03,Phillies,2,6,0,Padres,8,9,0
2019-06-04,Braves,12,13,0,Pirates,5,10,3
2019-06-04,White Sox,5,8,0,Nationals,9,9,1
2019-06-04,Yankees,3,8,0,Blue Jays,4,8,0
2019-06-04,Giants,9,14,0,Mets,3,10,2
2019-06-04,Rays,6,9,2,Tigers,9,12,0
2019-06-04,Twins,2,5,0,Indians,5,6,1
2019-06-04,Marlins,16,19,0,Brewers,0,6,2
2019-06-04,Rockies,3,6,0,Cubs,6,8,0
2019-06-04,Orioles,12,15,4,Rangers,11,14,0
2019-06-04,Red Sox,8,10,1,Royals,3,7,0
2019-06-04,Reds,4,10,0,Cardinals,1,6,2
2019-06-04,Dodgers,9,12,3,D-backs,0,3,2
2019-06-04,Athletics,4,8,0,Angels,2,4,0
2019-06-04,Astros,11,13,0,Mariners,5,5,0
2019-06-04,Phillies,9,13,0,Padres,6,10,1
2019-06-05,White Sox,4,11,3,Nationals,6,9,0
2019-06-05,Dodgers,2,7,0,D-backs,3,5,0
2019-06-05,Phillies,7,11,0,Padres,5,8,0
2019-06-05,Braves,4,6,1,Pirates,7,14,0
2019-06-05,Yankees,7,9,3,Blue Jays,11,10,0
2019-06-05,Giants,0,5,1,Mets,7,8,0
2019-06-05,Rays,4,7,0,Tigers,0,5,4
2019-06-05,Twins,7,7,1,Indians,9,11,0
2019-06-05,Marlins,8,10,0,Brewers,3,8,2
2019-06-05,Rockies,8,11,0,Cubs,9,10,1
2019-06-05,Orioles,1,8,0,Rangers,2,9,1
2019-06-05,Red Sox,8,11,0,Royals,0,3,1
2019-06-05,Athletics,9,15,0,Angels,10,14,0
2019-06-05,Astros,1,6,1,Mariners,14,13,0
2019-06-06,Giants,3,3,0,Mets,7,13,0
2019-06-06,Braves,1,7,1,Pirates,6,9,1
2019-06-06,Rays,6,14,0,Tigers,1,8,0
2019-06-06,Red Sox,7,9,0,Royals,5,14,0
2019-06-06,Reds,1,5,0,Cardinals,3,9,0
2019-06-06,Marlins,1,5,1,Brewers,5,9,0
2019-06-06,Rockies,3,6,0,Cubs,1,5,0
2019-06-06,Astros,8,14,0,Mariners,7,11,0
2019-06-06,Yankees,6,8,1,Blue Jays,2,8,1
2019-06-06,Twins,5,7,2,Indians,4,4,1
2019-06-06,Orioles,3,8,1,Rangers,4,8,0
2019-06-06,Athletics,7,9,0,Angels,4,9,3
2019-06-06,Nationals,4,4,1,Padres,5,6,1
2019-06-07,Cardinals,1,4,0,Cubs,3,6,0
2019-06-07,Reds,2,6,2,Phillies,4,6,1
2019-06-07,D-backs,8,10,1,Blue Jays,2,5,0
2019-06-07,Rockies,5,10,1,Mets,1,6,1
2019-06-07,Rays,5,10,0,Red Sox,1,4,0
2019-06-07,Twins,6,14,0,Tigers,3,11,0
2019-06-07,Braves,7,14,0,Marlins,1,5,0
2019-06-07,Yankees,2,6,0,Indians,5,7,0
2019-06-07,Athletics,5,10,2,Rangers,3,10,1
2019-06-07,Orioles,3,5,2,Astros,4,6,1
2019-06-07,Pirates,4,7,0,Brewers,10,15,0
2019-06-07,White Sox,4,10,0,Royals,6,10,0
2019-06-07,Mariners,6,8,0,Angels,2,4,0
2019-06-07,Nationals,4,10,0,Padres,5,8,0
2019-06-07,Dodgers,1,6,0,Giants,2,7,0
2019-06-08,Rays,9,13,2,Red Sox,2,6,1
2019-06-08,Rays,1,6,0,Red Sox,5,6,2
2019-06-08,Athletics,5,9,1,Rangers,10,11,0
2019-06-08,Athletics,1,4,1,Rangers,3,5,1
2019-06-08,White Sox,2,5,1,Royals,0,3,0
2019-06-08,D-backs,6,10,0,Blue Jays,0,5,0
2019-06-08,Reds,1,6,1,Phillies,4,6,0
2019-06-08,Orioles,4,8,0,Astros,1,4,1
2019-06-08,Twins,3,6,0,Tigers,9,15,0
2019-06-08,Braves,1,3,1,Marlins,0,4,0
2019-06-08,Yankees,4,5,0,Indians,8,12,1
2019-06-08,Pirates,3,8,0,Brewers,5,10,1
2019-06-08,Rockies,3,7,0,Mets,5,9,1
2019-06-08,Dodgers,7,11,0,Giants,2,8,1
2019-06-08,Cardinals,4,5,0,Cubs,9,10,1
2019-06-08,Mariners,3,7,2,Angels,12,16,1
2019-06-08,Nationals,4,7,0,Padres,1,7,0
2019-06-09,Rays,6,14,1,Red Sox,1,8,0
2019-06-09,Reds,4,9,0,Phillies,3,5,0
2019-06-09,D-backs,8,10,0,Blue Jays,2,7,0
2019-06-09,Rockies,1,2,0,Mets,6,8,0
2019-06-09,Twins,12,17,0,Tigers,2,9,0
2019-06-09,Braves,7,10,0,Marlins,6,14,0
2019-06-09,Yankees,7,11,2,Indians,6,7,0
2019-06-09,Orioles,0,6,2,Astros,4,5,0
2019-06-09,Pirates,2,5,1,Brewers,5,9,0
2019-06-09,White Sox,5,12,0,Royals,2,6,2
2019-06-09,Athletics,9,11,2,Rangers,8,15,2
2019-06-09,Dodgers,1,6,0,Giants,0,5,0
2019-06-09,Mariners,9,13,0,Angels,3,7,1
2019-06-09,Nationals,5,8,1,Padres,2,7,1
2019-06-09,Cardinals,1,9,2,Cubs,5,9,1
2019-06-10,D-backs,13,14,0,Phillies,8,13,0
2019-06-10,Athletics,2,4,0,Rays,6,8,0
2019-06-10,Rangers,4,8,0,Red Sox,3,9,1
2019-06-10,Cardinals,4,4,1,Marlins,1,7,1
2019-06-10,Pirates,7,10,0,Braves,13,13,3
2019-06-10,Nationals,12,16,0,White Sox,1,4,1
2019-06-10,Cubs,5,7,0,Rockies,6,10,1
2019-06-10,Dodgers,3,8,3,Angels,5,9,0
2019-06-11,Mets,5,9,2,Yankees,12,15,3
2019-06-11,Mets,10,11,0,Yankees,4,9,1
2019-06-11,Blue Jays,2,5,0,Orioles,4,11,1
2019-06-11,D-backs,4,8,1,Phillies,7,12,0
2019-06-11,Reds,1,7,0,Indians,2,6,0
2019-06-11,Athletics,4,7,0,Rays,3,4,1
2019-06-11,Rangers,9,9,0,Red Sox,5,9,2
2019-06-11,Cardinals,7,13,1,Marlins,1,5,1
2019-06-11,Pirates,5,9,1,Braves,7,10,0
2019-06-11,Mariners,5,10,0,Twins,6,9,0
2019-06-11,Nationals,5,9,0,White Sox,7,7,0
2019-06-11,Brewers,8,11,1,Astros,10,12,0
2019-06-11,Tigers,2,5,0,Royals,3,9,0
2019-06-11,Cubs,3,6,1,Rockies,10,13,0
2019-06-11,Padres,5,7,1,Giants,6,9,0
2019-06-11,Dodgers,3,12,0,Angels,5,6,0
2019-06-12,Athletics,6,9,0,Rays,2,12,0
2019-06-12,Reds,7,9,1,Indians,2,6,1
2019-06-12,Cubs,10,12,0,Rockies,1,7,1
2019-06-12,Rangers,3,5,0,Red Sox,4,10,1
2019-06-12,Blue Jays,8,10,0,Orioles,6,8,1
2019-06-12,D-backs,2,6,0,Phillies,0,3,0
2019-06-12,Cardinals,0,3,1,Marlins,9,12,0
2019-06-12,Pirates,7,13,1,Braves,8,15,0
2019-06-12,Mariners,9,13,1,Twins,6,11,5
2019-06-12,Brewers,6,10,0,Astros,3,5,0
2019-06-12,Tigers,3,5,0,Royals,2,8,0
2019-06-12,Padres,2,6,3,Giants,4,8,0
2019-06-13,Pirates,5,9,0,Braves,6,10,1
2019-06-13,Mariners,5,7,2,Twins,10,14,0
2019-06-13,D-backs,5,7,0,Nationals,0,3,0
2019-06-13,Blue Jays,12,17,2,Orioles,3,10,0
2019-06-13,Cardinals,5,10,0,Mets,4,6,0
2019-06-13,Angels,5,6,0,Rays,3,10,0
2019-06-13,Rangers,6,9,1,Red Sox,7,9,1
2019-06-13,Tigers,3,7,1,Royals,7,10,1
2019-06-13,Yankees,4,9,0,White Sox,5,7,1
2019-06-13,Padres,6,13,1,Rockies,9,13,1
2019-06-13,Cubs,3,8,0,Dodgers,7,11,0
2019-06-14,Cardinals,5,10,0,Mets,4,6,0
2019-06-14,Red Sox,13,16,0,Orioles,2,9,0
2019-06-14,D-backs,3,6,1,Nationals,7,8,1
2019-06-14,Indians,13,17,1,Tigers,4,7,2
2019-06-14,Cardinals,9,8,1,Mets,5,9,2
2019-06-14,Angels,4,8,1,Rays,9,13,1
2019-06-14,Rangers,7,8,0,Reds,1,5,0
2019-06-14,Pirates,11,18,1,Marlins,0,9,2
2019-06-14,Phillies,8,9,0,Braves,9,14,2
2019-06-14,Blue Jays,2,5,0,Astros,15,12,0
2019-06-14,Royals,0,2,1,Twins,2,4,0
2019-06-14,Yankees,2,7,3,White Sox,10,15,0
2019-06-14,Padres,16,21,1,Rockies,12,18,0
2019-06-14,Mariners,9,10,1,Athletics,2,7,1
2019-06-14,Cubs,3,8,0,Dodgers,5,7,1
2019-06-14,Brewers,3,8,1,Giants,5,10,1
2019-06-15,Angels,5,7,0,Rays,3,6,1
2019-06-15,Red Sox,7,12,0,Orioles,2,8,2
2019-06-15,D-backs,10,15,0,Nationals,3,10,1
2019-06-15,Brewers,7,8,1,Giants,8,15,1
2019-06-15,Blue Jays,2,6,1,Astros,7,12,0
2019-06-15,Indians,4,9,0,Tigers,2,6,1
2019-06-15,Pirates,3,8,1,Marlins,4,10,0
2019-06-15,Cardinals,7,12,1,Mets,8,10,1
2019-06-15,Rangers,4,8,0,Reds,3,4,3
2019-06-15,Royals,4,8,1,Twins,5,7,3
2019-06-15,Yankees,8,10,1,White Sox,4,10,0
2019-06-15,Phillies,6,8,1,Braves,5,8,2
2019-06-15,Padres,8,13,0,Rockies,14,19,2
2019-06-15,Mariners,2,6,3,Athletics,11,14,0
2019-06-15,Cubs,2,4,0,Dodgers,1,5,1
2019-06-16,Red Sox,8,14,2,Orioles,6,12,2
2019-06-16,Indians,8,14,0,Tigers,0,4,0
2019-06-16,Cardinals,4,3,0,Mets,3,10,2
2019-06-16,Angels,5,11,0,Rays,6,9,1
2019-06-16,Rangers,3,6,0,Reds,11,14,0
2019-06-16,Pirates,5,11,0,Marlins,4,9,0
2019-06-16,Phillies,1,6,1,Braves,15,19,1
2019-06-16,D-backs,5,11,0,Nationals,15,15,1
2019-06-16,Blue Jays,12,14,0,Astros,0,7,0
2019-06-16,Royals,8,9,0,Twins,6,15,2
2019-06-16,Yankees,10,12,0,White Sox,3,9,0
2019-06-16,Padres,14,15,1,Rockies,13,19,1
2019-06-16,Brewers,5,12,0,Giants,3,7,0
2019-06-16,Mariners,6,8,2,Athletics,3,8,2
2019-06-16,Cubs,2,9,0,Dodgers,3,7,1
2019-06-17,Rays,0,2,1,Yankees,3,8,0
2019-06-17,Angels,10,13,1,Blue Jays,5,8,0
2019-06-17,Astros,2,4,0,Reds,3,6,1
2019-06-17,Mets,3,7,1,Braves,12,16,0
2019-06-17,Indians,2,8,0,Rangers,7,8,0
2019-06-17,Red Sox,2,7,0,Twins,0,5,0
2019-06-17,Marlins,0,8,1,Cardinals,5,8,0
2019-06-17,Orioles,2,4,1,Athletics,3,5,1
2019-06-17,Royals,6,9,0,Mariners,4,10,0
2019-06-17,Giants,3,3,0,Dodgers,2,5,1
2019-06-17,Brewers,0,4,0,Padres,2,7,0
2019-06-18,Tigers,5,6,1,Pirates,4,8,3
2019-06-18,Rays,3,9,0,Yankees,6,11,0
2019-06-18,Angels,3,6,1,Blue Jays,1,3,0
2019-06-18,Astros,3,9,0,Reds,4,6,0
2019-06-18,Mets,10,15,0,Braves,2,5,0
2019-06-18,Indians,10,14,0,Rangers,3,5,1
2019-06-18,White Sox,3,8,0,Cubs,1,6,1
2019-06-18,Red Sox,3,17,0,Twins,4,15,1
2019-06-18,Marlins,6,8,1,Cardinals,0,2,1
2019-06-18,Rockies,8,12,1,D-backs,1,7,1
2019-06-18,Orioles,2,4,1,Athletics,16,15,1
2019-06-18,Royals,9,13,1,Mariners,0,6,0
2019-06-18,Giants,0,4,0,Dodgers,9,14,0
2019-06-18,Brewers,1,4,3,Padres,4,8,0
2019-06-19,Astros,2,7,1,Reds,3,11,0
2019-06-19,Phillies,2,6,1,Nationals,6,8,0
2019-06-19,Phillies,0,4,1,Nationals,2,4,0
2019-06-19,Rays,1,3,0,Yankees,12,9,1
2019-06-19,Orioles,3,6,1,Athletics,8,11,0
2019-06-19,Brewers,7,9,0,Padres,8,13,1
2019-06-19,Royals,2,8,0,Mariners,8,10,0
2019-06-19,Tigers,7,11,0,Pirates,8,11,1
2019-06-19,Angels,11,16,0,Blue Jays,6,6,2
2019-06-19,Mets,2,9,0,Braves,7,9,0
2019-06-19,Indians,10,12,2,Rangers,4,10,1
2019-06-19,White Sox,3,9,0,Cubs,7,11,0
2019-06-19,Red Sox,9,12,0,Twins,4,9,0
2019-06-19,Marlins,1,5,0,Cardinals,2,6,0
2019-06-19,Rockies,6,14,2,D-backs,4,10,0
2019-06-19,Giants,2,4,0,Dodgers,9,13,0
2019-06-20,Indians,2,5,1,Rangers,4,8,0
2019-06-20,Rockies,6,7,1,D-backs,4,10,0
2019-06-20,Phillies,4,9,0,Nationals,7,10,0
2019-06-20,Astros,6,12,0,Yankees,10,12,0
2019-06-20,Angels,5,12,0,Blue Jays,7,12,1
2019-06-20,Marlins,7,11,0,Cardinals,6,16,1
2019-06-20,Mets,4,7,0,Cubs,7,7,1
2019-06-20,Reds,7,10,1,Brewers,1,5,1
2019-06-20,Twins,1,5,3,Royals,4,10,0
2019-06-20,Rays,4,6,1,Athletics,5,7,0
2019-06-20,Orioles,2,4,0,Mariners,5,9,1
2019-06-20,Giants,8,9,0,Dodgers,9,16,1
2019-06-21,Mets,5,7,2,Cubs,4,6,1
2019-06-21,Padres,1,7,2,Pirates,2,6,2
2019-06-21,Braves,3,8,1,Nationals,4,8,0
2019-06-21,Marlins,2,6,0,Phillies,1,9,2
2019-06-21,Astros,1,7,1,Yankees,4,8,0
2019-06-21,Tigers,6,12,0,Indians,7,12,0
2019-06-21,Blue Jays,5,11,0,Red Sox,7,14,2
2019-06-21,White Sox,5,12,1,Rangers,4,8,0
2019-06-21,Reds,11,10,0,Brewers,7,10,0
2019-06-21,Angels,1,8,0,Cardinals,5,8,0
2019-06-21,Twins,8,13,2,Royals,7,7,1
2019-06-21,Giants,11,11,1,D-backs,5,10,0
2019-06-21,Rays,5,10,2,Athletics,3,10,1
2019-06-21,Rockies,2,3,1,Dodgers,4,6,0
2019-06-21,Orioles,9,14,1,Mariners,10,13,1
2019-06-22,Angels,2,6,2,Cardinals,4,5,0
2019-06-22,Twins,5,9,0,Royals,3,7,0
2019-06-22,Mets,10,12,1,Cubs,2,6,1
2019-06-22,Padres,3,6,0,Pirates,6,10,0
2019-06-22,Blue Jays,8,10,0,Red Sox,7,9,2
2019-06-22,Marlins,5,7,0,Phillies,3,7,0
2019-06-22,Rays,2,6,0,Athletics,4,8,1
2019-06-22,Tigers,0,6,0,Indians,2,6,0
2019-06-22,Orioles,8,8,1,Mariners,4,7,0
2019-06-22,Reds,5,6,2,Brewers,6,5,0
2019-06-22,Rockies,4,8,1,Dodgers,5,14,1
2019-06-22,Braves,13,14,0,Nationals,9,11,1
2019-06-22,Astros,5,11,2,Yankees,7,7,0
2019-06-22,White Sox,5,7,1,Rangers,6,14,1
2019-06-22,Giants,7,10,1,D-backs,4,8,0
2019-06-23,Blue Jays,6,10,1,Red Sox,1,7,0
2019-06-23,Marlins,6,16,0,Phillies,4,4,1
2019-06-23,Tigers,3,8,1,Indians,8,10,0
2019-06-23,Padres,10,13,1,Pirates,11,17,0
2019-06-23,Braves,4,7,1,Nationals,3,10,0
2019-06-23,Astros,9,14,0,Yankees,4,6,0
2019-06-23,Reds,5,10,0,Brewers,7,11,0
2019-06-23,Twins,1,9,0,Royals,6,11,0
2019-06-23,Mets,3,7,0,Cubs,5,12,0
2019-06-23,White Sox,4,10,1,Rangers,7,11,1
2019-06-23,Rays,8,15,1,Athletics,2,6,0
2019-06-23,Rockies,3,10,1,Dodgers,6,7,0
2019-06-23,Orioles,3,7,2,Mariners,13,13,1
2019-06-23,Giants,2,4,0,D-backs,3,7,0
2019-06-23,Angels,6,15,0,Cardinals,4,10,0
2019-06-24,Mets,7,15,1,Phillies,13,19,0
2019-06-24,Blue Jays,8,14,0,Yankees,10,13,2
2019-06-24,Royals,2,5,0,Indians,3,10,0
2019-06-24,White Sox,5,8,0,Red Sox,6,12,0
2019-06-24,Braves,3,8,0,Cubs,8,10,1
2019-06-24,Dodgers,5,10,0,D-backs,8,11,1
2019-06-24,Rockies,2,5,0,Giants,0,6,1
2019-06-25,Padres,8,12,2,Orioles,3,11,0
2019-06-25,Mets,5,12,1,Phillies,7,8,2
2019-06-25,Blue Jays,3,7,0,Yankees,4,10,0
2019-06-25,Royals,8,13,0,Indians,6,11,1
2019-06-25,Rangers,5,12,1,Tigers,3,6,3
2019-06-25,White Sox,3,10,1,Red Sox,6,10,1
2019-06-25,Nationals,6,8,0,Marlins,1,5,0
2019-06-25,Braves,3,3,0,Cubs,2,4,1
2019-06-25,Pirates,1,8,0,Astros,5,10,0
2019-06-25,Rays,4,7,0,Twins,9,15,0
2019-06-25,Mariners,8,12,2,Brewers,3,8,2
2019-06-25,Athletics,7,10,0,Cardinals,3,10,0
2019-06-25,Dodgers,3,5,2,D-backs,2,6,0
2019-06-25,Rockies,2,3,1,Giants,4,8,0
2019-06-25,Reds,1,7,0,Angels,5,8,0
2019-06-26,White Sox,8,12,1,Red Sox,7,15,0
2019-06-26,Blue Jays,7,13,0,Yankees,8,16,2
2019-06-26,Royals,3,8,1,Indians,5,10,0
2019-06-26,Padres,10,11,1,Orioles,5,8,1
2019-06-26,Dodgers,2,5,3,D-backs,8,9,1
2019-06-26,Rockies,6,7,1,Giants,3,8,1
2019-06-26,Mets,4,10,0,Phillies,5,9,1
2019-06-26,Rangers,4,8,0,Tigers,1,5,0
2019-06-26,Nationals,7,7,0,Marlins,5,6,0
2019-06-26,Athletics,2,8,0,Cardinals,0,5,0
2019-06-26,Braves,5,7,0,Cubs,3,10,2
2019-06-26,Reds,1,5,2,Angels,5,7,2
2019-06-26,Pirates,14,15,0,Astros,2,9,1
2019-06-26,Rays,4,6,2,Twins,6,10,0
2019-06-26,Mariners,4,8,0,Brewers,2,5,1
2019-06-27,Mets,3,5,1,Phillies,6,6,1
2019-06-27,Rangers,3,5,0,Tigers,1,9,0
2019-06-27,Rays,5,8,1,Twins,2,9,0
2019-06-27,Pirates,10,14,0,Astros,0,9,1
2019-06-27,Mariners,2,5,0,Brewers,4,9,2
2019-06-27,Braves,7,8,1,Cubs,9,10,0
2019-06-27,Nationals,8,10,0,Marlins,5,8,1
2019-06-27,Dodgers,12,17,1,Rockies,8,16,1
2019-06-27,D-backs,5,8,0,Giants,1,3,0
2019-06-27,Athletics,3,5,0,Angels,8,12,0
2019-06-29,Yankees,17,19,0,Red Sox,13,18,0
2019-06-29,Indians,0,5,0,Orioles,13,13,0
2019-06-29,Royals,5,7,0,Blue Jays,7,6,1
2019-06-29,Cubs,6,8,0,Reds,0,7,2
2019-06-29,Nationals,5,9,0,Tigers,7,12,1
2019-06-29,Rangers,2,5,0,Rays,5,7,0
2019-06-29,Braves,5,13,1,Mets,4,8,0
2019-06-29,Phillies,6,7,1,Marlins,9,15,1
2019-06-29,Twins,10,13,1,White Sox,3,7,1
2019-06-29,Dodgers,3,8,1,Rockies,5,7,1
2019-06-29,Mariners,5,7,1,Astros,6,8,0
2019-06-29,Pirates,1,6,1,Brewers,3,5,0
2019-06-29,D-backs,4,11,1,Giants,3,7,2
2019-06-29,Athletics,4,8,0,Angels,0,3,2
2019-06-29,Cardinals,2,5,1,Padres,12,12,2
2019-06-30,Yankees,12,13,1,Red Sox,8,15,2
2019-06-30,Indians,2,10,0,Orioles,0,5,0
2019-06-30,Royals,7,11,1,Blue Jays,6,8,0
2019-06-30,Cubs,6,11,1,Reds,8,9,0
2019-06-30,Nationals,2,7,0,Tigers,1,5,0
2019-06-30,Rangers,2,4,1,Rays,6,9,0
2019-06-30,Phillies,13,17,0,Marlins,6,10,1
2019-06-30,Mariners,1,6,2,Astros,6,11,0
2019-06-30,Twins,3,6,0,White Sox,4,10,2
2019-06-30,Pirates,1,7,3,Brewers,2,8,0
2019-06-30,Dodgers,10,14,1,Rockies,5,9,1
2019-06-30,D-backs,4,8,1,Giants,10,13,0
2019-06-30,Athletics,12,11,1,Angels,3,9,2
2019-06-30,Cardinals,5,9,0,Padres,3,10,2
2019-06-30,Braves,5,10,2,Mets,8,13,0
2019-07-01,Royals,4,9,0,Blue Jays,11,18,0
2019-07-01,Cubs,5,13,2,Pirates,18,23,0
2019-07-01,Orioles,3,9,0,Rays,6,10,1
2019-07-01,Brewers,8,9,0,Reds,6,10,1
2019-07-01,Giants,13,14,2,Padres,2,5,1
2019-07-03,Tigers,5,6,0,White Sox,7,12,0
2019-07-03,Tigers,6,12,0,White Sox,9,10,1
2019-07-03,Marlins,1,6,1,Nationals,3,7,0
2019-07-03,Cubs,5,9,0,Pirates,6,11,1
2019-07-03,Red Sox,3,8,0,Blue Jays,6,11,0
2019-07-03,Orioles,9,11,2,Rays,6,11,1
2019-07-03,Yankees,5,10,0,Mets,1,7,1
2019-07-03,Brewers,0,4,0,Reds,3,8,1
2019-07-03,Phillies,2,6,1,Braves,9,10,0
2019-07-03,Angels,6,12,1,Rangers,2,4,0
2019-07-03,Astros,4,6,0,Rockies,2,7,0
2019-07-03,Indians,4,8,0,Royals,0,5,0
2019-07-03,Twins,4,10,2,Athletics,3,9,2
2019-07-03,Giants,7,9,0,Padres,5,11,0
2019-07-03,D-backs,4,10,0,Dodgers,5,10,0
2019-07-03,Cardinals,5,9,0,Mariners,2,5,1
2019-07-04,Marlins,2,10,1,Nationals,5,8,1
2019-07-04,Indians,8,12,2,Royals,4,6,1
2019-07-04,Tigers,11,15,0,White Sox,5,13,2
2019-07-04,Brewers,0,2,0,Reds,1,8,0
2019-07-04,Cubs,11,15,1,Pirates,3,6,0
2019-07-04,Twins,2,11,0,Athletics,7,12,0
2019-07-04,Cardinals,5,10,0,Mariners,4,10,0
2019-07-04,Yankees,8,8,1,Rays,4,8,0
2019-07-04,Red Sox,8,8,0,Blue Jays,7,11,0
2019-07-04,Phillies,6,12,1,Braves,12,12,0
2019-07-04,Angels,3,10,1,Rangers,9,14,0
2019-07-04,Padres,1,5,1,Dodgers,5,6,1
2019-07-05,Royals,7,12,0,Nationals,4,13,1
2019-07-05,Brewers,7,13,1,Pirates,6,13,0
2019-07-05,Orioles,4,6,0,Blue Jays,1,4,1
2019-07-05,Red Sox,9,14,2,Tigers,6,9,1
2019-07-05,Phillies,7,9,0,Mets,2,7,1
2019-07-05,Yankees,8,14,0,Rays,4,10,0
2019-07-05,Marlins,0,7,0,Braves,1,5,0
2019-07-05,Angels,5,9,0,Astros,4,6,0
2019-07-05,Rangers,6,10,0,Twins,15,20,0
2019-07-05,Rockies,0,5,0,D-backs,8,9,2
2019-07-05,Padres,3,6,2,Dodgers,2,6,0
2019-07-05,Athletics,5,5,2,Mariners,2,5,2
2019-07-05,Cardinals,9,14,0,Giants,4,7,0
2019-07-06,Rangers,4,8,1,Twins,7,9,0
2019-07-06,Orioles,8,10,0,Blue Jays,1,3,2
2019-07-06,Royals,0,6,1,Nationals,6,12,0
2019-07-06,Brewers,2,7,0,Pirates,12,17,0
2019-07-06,Indians,7,11,1,Reds,2,5,0
2019-07-06,Red Sox,10,17,1,Tigers,6,14,2
2019-07-06,Marlins,5,15,1,Braves,4,9,1
2019-07-06,Yankees,3,8,0,Rays,4,8,0
2019-07-06,Angels,0,4,0,Astros,4,10,0
2019-07-06,Phillies,5,12,1,Mets,6,12,2
2019-07-06,Cubs,6,7,3,White Sox,3,6,0
2019-07-06,Cardinals,4,10,1,Giants,8,11,1
2019-07-06,Rockies,2,5,1,D-backs,4,13,0
2019-07-06,Padres,3,4,1,Dodgers,1,6,1
2019-07-06,Athletics,3,6,0,Mariners,6,7,1
2019-07-07,Orioles,1,6,0,Blue Jays,6,9,0
2019-07-07,Indians,11,18,1,Reds,1,4,0
2019-07-07,Red Sox,6,9,0,Tigers,3,6,1
2019-07-07,Phillies,8,13,1,Mets,3,5,1
2019-07-07,Yankees,1,5,0,Rays,2,10,0
2019-07-07,Marlins,3,9,0,Braves,4,9,0
2019-07-07,Royals,2,9,1,Nationals,5,8,0
2019-07-07,Brewers,5,8,0,Pirates,6,10,0
2019-07-07,Angels,10,16,0,Astros,11,19,1
2019-07-07,Rangers,4,10,2,Twins,1,8,1
2019-07-07,Cubs,1,7,1,White Sox,3,8,0
2019-07-07,Cardinals,0,6,0,Giants,1,2,0
2019-07-07,Rockies,3,4,0,D-backs,5,8,0
2019-07-07,Padres,5,8,0,Dodgers,3,7,0
2019-07-07,Athletics,7,8,0,Mariners,4,11,1
2019-07-09,NL All-Stars,3,5,0,AL All-Stars,4,8,0
2019-07-11,Astros,0,7,0,Rangers,5,11,0
2019-07-12,Pirates,3,5,0,Cubs,4,6,0
2019-07-12,Nationals,4,9,0,Phillies,0,8,2
2019-07-12,Rays,16,20,1,Orioles,4,5,2
2019-07-12,Blue Jays,0,6,1,Yankees,4,10,0
2019-07-12,Dodgers,1,5,0,Red Sox,8,8,0
2019-07-12,Twins,5,8,2,Indians,3,6,1
2019-07-12,Mets,4,5,0,Marlins,8,8,0
2019-07-12,Astros,8,9,2,Rangers,9,10,1
2019-07-12,Giants,10,10,1,Brewers,7,13,0
2019-07-12,Tigers,5,9,1,Royals,8,9,1
2019-07-12,D-backs,4,6,1,Cardinals,2,4,0
2019-07-12,Reds,2,6,2,Rockies,3,8,0
2019-07-12,Mariners,0,0,1,Angels,13,13,0
2019-07-12,White Sox,1,10,1,Athletics,5,13,0
2019-07-12,Braves,5,8,0,Padres,3,9,1
2019-07-13,Rays,1,3,0,Orioles,2,7,0
2019-07-13,Rays,12,15,1,Orioles,4,10,0
2019-07-13,Blue Jays,2,8,0,Yankees,1,8,0
2019-07-13,Pirates,4,11,2,Cubs,10,13,1
2019-07-13,White Sox,2,7,1,Athletics,13,13,0
2019-07-13,Mets,4,8,1,Marlins,2,6,0
2019-07-13,Twins,6,11,0,Indians,2,5,1
2019-07-13,Tigers,1,4,0,Royals,4,8,0
2019-07-13,Dodgers,11,14,1,Red Sox,2,6,1
2019-07-13,D-backs,2,4,2,Cardinals,4,7,0
2019-07-13,Nationals,4,9,0,Phillies,3,7,1
2019-07-13,Giants,4,7,2,Brewers,5,15,2
2019-07-13,Astros,7,13,3,Rangers,6,6,1
2019-07-13,Reds,17,24,2,Rockies,9,15,0
2019-07-13,Braves,7,11,1,Padres,5,5,0
2019-07-13,Mariners,2,6,0,Angels,9,12,0
2019-07-14,Rays,4,5,0,Orioles,1,3,0
2019-07-14,Nationals,3,7,1,Phillies,4,7,0
2019-07-14,Blue Jays,2,6,0,Yankees,4,10,3
2019-07-14,Twins,3,7,1,Indians,4,7,1
2019-07-14,Mets,6,12,0,Marlins,2,11,1
2019-07-14,Giants,8,11,0,Brewers,3,8,1
2019-07-14,Tigers,12,19,0,Royals,8,10,0
2019-07-14,D-backs,2,8,1,Cardinals,5,9,0
2019-07-14,Pirates,3,9,0,Cubs,8,13,0
2019-07-14,Astros,12,12,0,Rangers,4,5,2
2019-07-14,Reds,9,9,3,Rockies,10,14,1
2019-07-14,Mariners,3,10,0,Angels,6,6,0
2019-07-14,White Sox,2,7,2,Athletics,3,7,1
2019-07-14,Braves,4,7,0,Padres,1,10,2
2019-07-14,Dodgers,7,9,3,Red Sox,4,11,2
2019-07-15,Giants,19,21,0,Rockies,2,6,1
2019-07-15,Giants,2,6,2,Rockies,1,5,0
2019-07-15,Dodgers,16,19,1,Phillies,2,7,1
2019-07-15,Rays,5,11,0,Yankees,4,8,0
2019-07-15,Tigers,6,11,0,Indians,8,14,0
2019-07-15,Blue Jays,8,13,0,Red Sox,10,13,2
2019-07-15,Reds,6,10,0,Cubs,3,9,2
2019-07-15,Braves,4,9,0,Brewers,2,7,1
2019-07-15,Pirates,0,8,1,Cardinals,7,8,1
2019-07-15,White Sox,2,8,1,Royals,5,10,2
2019-07-15,Astros,6,9,2,Angels,9,10,0
2019-07-16,Nationals,8,12,0,Orioles,1,4,1
2019-07-16,Dodgers,8,7,2,Phillies,9,8,1
2019-07-16,Rays,3,8,0,Yankees,8,8,0
2019-07-16,Tigers,0,1,1,Indians,8,9,0
2019-07-16,Blue Jays,10,14,0,Red Sox,4,9,1
2019-07-16,Padres,7,11,0,Marlins,12,14,1
2019-07-16,Reds,3,8,0,Cubs,4,9,0
2019-07-16,D-backs,9,10,0,Rangers,2,5,2
2019-07-16,Mets,3,7,0,Twins,2,8,1
2019-07-16,Braves,1,5,0,Brewers,13,13,0
2019-07-16,Pirates,3,5,1,Cardinals,1,5,0
2019-07-16,White Sox,0,5,3,Royals,11,14,0
2019-07-16,Giants,8,14,0,Rockies,4,7,1
2019-07-16,Astros,2,14,0,Angels,7,9,0
2019-07-16,Mariners,2,6,1,Athletics,9,12,0
2019-07-17,Mets,14,17,0,Twins,4,8,2
2019-07-17,Pirates,5,11,1,Cardinals,6,7,0
2019-07-17,Braves,4,6,1,Brewers,5,7,1
2019-07-17,Reds,2,7,0,Cubs,5,6,0
2019-07-17,Giants,11,18,0,Rockies,8,11,1
2019-07-17,Mariners,2,8,0,Athletics,10,10,0
2019-07-17,Nationals,2,5,0,Orioles,9,15,1
2019-07-17,Dodgers,7,7,2,Phillies,2,2,0
2019-07-17,Tigers,2,7,2,Indians,7,12,1
2019-07-17,Blue Jays,4,5,0,Red Sox,5,14,1
2019-07-17,Padres,3,9,3,Marlins,2,3,0
2019-07-17,D-backs,19,21,1,Rangers,4,7,1
2019-07-17,White Sox,5,10,0,Royals,7,12,0
2019-07-17,Astros,11,12,0,Angels,2,9,0
2019-07-18,Padres,3,7,2,Marlins,4,11,0
2019-07-18,Dodgers,6,10,2,Phillies,7,10,1
2019-07-18,Blue Jays,0,2,0,Red Sox,5,7,0
2019-07-18,White Sox,5,11,1,Royals,6,13,2
2019-07-18,Rays,2,5,1,Yankees,6,10,0
2019-07-18,Rays,1,5,1,Yankees,5,6,0
2019-07-18,Tigers,3,8,2,Indians,6,8,0
2019-07-18,Cardinals,7,10,0,Reds,4,10,0
2019-07-18,Nationals,13,16,0,Braves,4,10,0
2019-07-18,Athletics,3,8,0,Twins,6,9,2
2019-07-18,Astros,6,8,1,Angels,2,7,0
2019-07-18,Brewers,5,8,0,D-backs,1,7,1
2019-07-18,Mets,2,11,0,Giants,3,14,0
2019-07-19,Padres,5,13,2,Cubs,6,7,2
2019-07-19,Red Sox,2,7,2,Orioles,11,14,0
2019-07-19,Phillies,6,15,0,Pirates,1,7,1
2019-07-19,Rockies,2,9,1,Yankees,8,12,1
2019-07-19,Royals,5,9,0,Indians,10,16,0
2019-07-19,Cardinals,12,11,0,Reds,11,18,1
2019-07-19,Blue Jays,12,15,1,Tigers,1,8,1
2019-07-19,White Sox,9,17,0,Rays,2,6,0
2019-07-19,Nationals,3,7,0,Braves,4,12,0
2019-07-19,Rangers,3,10,0,Astros,4,7,2
2019-07-19,Athletics,5,12,1,Twins,3,7,0
2019-07-19,Brewers,7,12,1,D-backs,10,10,1
2019-07-19,Angels,0,1,0,Mariners,10,12,0
2019-07-19,Marlins,1,4,1,Dodgers,2,6,2
2019-07-19,Mets,0,3,1,Giants,1,3,0
2019-07-20,Rockies,5,7,2,Yankees,11,14,0
2019-07-20,Padres,5,9,1,Cubs,6,11,1
2019-07-20,Mets,11,17,0,Giants,4,9,0
2019-07-20,Blue Jays,7,12,1,Tigers,5,7,0
2019-07-20,White Sox,2,8,1,Rays,1,9,0
2019-07-20,Red Sox,17,17,0,Orioles,6,14,1
2019-07-20,Phillies,1,3,1,Pirates,5,13,1
2019-07-20,Royals,1,6,0,Indians,0,3,1
2019-07-20,Cardinals,2,6,0,Reds,3,7,0
2019-07-20,Rangers,1,2,0,Astros,6,11,0
2019-07-20,Athletics,5,11,0,Twins,4,9,1
2019-07-20,Nationals,5,12,1,Braves,3,8,1
2019-07-20,Brewers,8,10,0,D-backs,3,6,0
2019-07-20,Angels,6,8,1,Mariners,2,5,1
2019-07-20,Marlins,6,6,0,Dodgers,10,12,3
2019-07-21,Red Sox,0,1,0,Orioles,5,7,0
2019-07-21,Rockies,8,10,0,Yankees,4,4,1
2019-07-21,Royals,4,8,1,Indians,5,9,0
2019-07-21,Cardinals,3,6,0,Reds,1,7,1
2019-07-21,Blue Jays,3,5,0,Tigers,4,12,1
2019-07-21,White Sox,2,5,0,Rays,4,3,0
2019-07-21,Phillies,2,6,0,Pirates,1,6,0
2019-07-21,Rangers,3,6,0,Astros,5,9,0
2019-07-21,Athletics,6,7,1,Twins,7,13,0
2019-07-21,Padres,5,6,0,Cubs,1,6,0
2019-07-21,Mets,2,5,1,Giants,3,7,0
2019-07-21,Angels,9,12,0,Mariners,3,12,0
2019-07-21,Marlins,0,6,2,Dodgers,9,9,0
2019-07-21,Brewers,7,8,0,D-backs,4,9,0
2019-07-21,Nationals,1,6,1,Braves,7,11,0
2019-07-22,Cardinals,6,8,1,Pirates,5,12,3
2019-07-22,Indians,7,12,0,Blue Jays,3,5,1
2019-07-22,Red Sox,9,12,0,Rays,4,9,0
2019-07-22,Athletics,1,2,0,Astros,11,13,1
2019-07-22,Marlins,1,4,0,White Sox,9,10,1
2019-07-22,Yankees,6,13,0,Twins,8,8,0
2019-07-22,Reds,6,12,0,Brewers,5,8,0
2019-07-22,Orioles,3,9,1,D-backs,6,12,0
2019-07-22,Cubs,4,6,0,Giants,5,13,0
2019-07-22,Rangers,3,9,0,Mariners,7,11,0
2019-07-23,Rockies,1,7,2,Nationals,11,17,0
2019-07-23,Cardinals,4,7,0,Pirates,3,6,0
2019-07-23,Indians,1,6,0,Blue Jays,2,8,0
2019-07-23,Padres,2,5,0,Mets,5,8,0
2019-07-23,Red Sox,5,10,0,Rays,4,6,0
2019-07-23,Phillies,3,9,1,Tigers,2,7,2
2019-07-23,Royals,5,5,0,Braves,4,11,0
2019-07-23,Athletics,4,8,2,Astros,3,8,0
2019-07-23,Marlins,5,6,0,White Sox,1,2,1
2019-07-23,Yankees,14,20,1,Twins,12,15,0
2019-07-23,Reds,14,17,1,Brewers,6,10,1
2019-07-23,Orioles,7,9,1,D-backs,2,5,1
2019-07-23,Cubs,4,9,0,Giants,5,8,1
2019-07-23,Angels,5,11,2,Dodgers,4,9,1
2019-07-23,Rangers,7,10,0,Mariners,2,7,1
2019-07-24,Red Sox,2,5,0,Rays,3,5,0
2019-07-24,Rockies,2,9,0,Nationals,3,7,0
2019-07-24,Rockies,0,5,1,Nationals,2,6,0
2019-07-24,Phillies,4,10,0,Tigers,0,5,1
2019-07-24,Athletics,2,6,0,Astros,4,6,2
2019-07-24,Reds,4,9,1,Brewers,5,6,1
2019-07-24,Orioles,2,7,2,D-backs,5,11,0
2019-07-24,Rangers,3,9,1,Mariners,5,8,0
2019-07-24,Cubs,4,11,0,Giants,1,7,1
2019-07-24,Cardinals,14,15,1,Pirates,8,11,1
2019-07-24,Indians,4,9,0,Blue Jays,0,1,0
2019-07-24,Padres,7,14,0,Mets,2,5,2
2019-07-24,Royals,2,5,0,Braves,0,5,1
2019-07-24,Marlins,2,5,0,White Sox,0,5,0
2019-07-24,Yankees,10,15,0,Twins,7,9,0
2019-07-24,Angels,3,6,0,Dodgers,2,5,1
2019-07-25,Padres,0,6,0,Mets,4,12,0
2019-07-25,Cardinals,6,8,0,Pirates,3,7,1
2019-07-25,Rockies,8,11,0,Nationals,7,7,0
2019-07-25,Yankees,3,7,0,Red Sox,19,23,0
2019-07-25,Twins,10,12,4,White Sox,3,7,0
2019-07-25,Indians,5,14,0,Royals,4,11,2
2019-07-25,Orioles,10,18,0,Angels,8,11,3
2019-07-25,Rangers,11,13,1,Athletics,3,3,0
2019-07-25,Tigers,2,5,1,Mariners,10,9,2
2019-07-26,Rockies,12,14,0,Reds,2,8,1
2019-07-26,Dodgers,4,5,1,Nationals,2,10,0
2019-07-26,Braves,9,8,0,Phillies,2,12,1
2019-07-26,Rays,3,9,0,Blue Jays,1,4,1
2019-07-26,Pirates,3,7,0,Mets,6,6,3
2019-07-26,D-backs,2,6,0,Marlins,3,7,1
2019-07-26,Yankees,5,13,0,Red Sox,10,14,1
2019-07-26,Twins,6,10,1,White Sox,2,8,2
2019-07-26,Cubs,2,4,0,Brewers,3,4,0
2019-07-26,Indians,8,13,1,Royals,3,9,1
2019-07-26,Astros,3,5,0,Cardinals,5,8,0
2019-07-26,Orioles,9,11,0,Angels,3,5,1
2019-07-26,Rangers,5,7,2,Athletics,2,5,2
2019-07-26,Tigers,2,8,0,Mariners,3,8,0
2019-07-26,Giants,2,5,1,Padres,1,5,1
2019-07-27,Rays,9,13,1,Blue Jays,10,16,0
2019-07-27,Dodgers,9,10,0,Nationals,3,5,1
2019-07-27,Yankees,5,11,1,Red Sox,9,15,0
2019-07-27,Tigers,1,7,0,Mariners,8,16,1
2019-07-27,D-backs,9,7,0,Marlins,2,9,1
2019-07-27,Braves,15,16,0,Phillies,7,12,1
2019-07-27,Rockies,1,5,0,Reds,3,6,0
2019-07-27,Pirates,0,5,1,Mets,3,3,1
2019-07-27,Twins,1,3,2,White Sox,5,10,1
2019-07-27,Cubs,3,6,0,Brewers,5,9,0
2019-07-27,Indians,9,14,0,Royals,1,8,0
2019-07-27,Astros,8,11,1,Cardinals,2,7,0
2019-07-27,Giants,1,5,1,Padres,5,9,0
2019-07-27,Orioles,8,14,0,Angels,7,9,2
2019-07-27,Rangers,4,11,0,Athletics,5,6,0
2019-07-28,Braves,4,8,0,Phillies,9,12,0
2019-07-28,Rays,10,16,0,Blue Jays,9,12,0
2019-07-28,Rockies,2,10,0,Reds,3,8,0
2019-07-28,Pirates,7,9,3,Mets,8,8,1
2019-07-28,D-backs,1,4,1,Marlins,5,9,1
2019-07-28,Dodgers,4,4,1,Nationals,11,14,0
2019-07-28,Twins,11,13,0,White Sox,1,7,1
2019-07-28,Cubs,11,7,1,Brewers,4,5,0
2019-07-28,Indians,6,8,1,Royals,9,12,1
2019-07-28,Astros,6,13,1,Cardinals,2,9,2
2019-07-28,Orioles,4,5,0,Angels,5,9,1
2019-07-28,Rangers,5,8,1,Athletics,6,10,0
2019-07-28,Tigers,2,7,0,Mariners,3,6,1
2019-07-28,Giants,7,16,0,Padres,6,7,0
2019-07-28,Yankees,9,8,2,Red Sox,6,10,3
2019-07-29,Braves,3,7,0,Nationals,6,7,2
2019-07-29,Pirates,6,9,1,Reds,11,13,0
2019-07-29,D-backs,6,7,2,Marlins,11,10,0
2019-07-29,Blue Jays,7,11,1,Royals,3,5,0
2019-07-29,Dodgers,1,4,2,Rockies,9,11,0
2019-07-29,Tigers,7,9,0,Angels,2,5,2
2019-07-29,Orioles,1,7,1,Padres,8,10,2
2019-07-30,Orioles,8,13,1,Padres,5,10,0
2019-07-30,Giants,2,6,0,Phillies,4,11,0
2019-07-30,Braves,11,14,0,Nationals,8,12,2
2019-07-30,D-backs,4,11,1,Yankees,2,5,0
2019-07-30,Astros,2,9,0,Indians,0,2,0
2019-07-30,Pirates,11,12,2,Reds,4,8,0
2019-07-30,Rays,6,12,0,Red Sox,5,13,1
2019-07-30,Twins,2,4,1,Marlins,1,4,0
2019-07-30,Mariners,8,13,1,Rangers,5,14,3
2019-07-30,Mets,5,12,2,White Sox,2,6,1
2019-07-30,Cubs,1,6,1,Cardinals,2,7,0
2019-07-30,Blue Jays,9,10,2,Royals,2,11,2
2019-07-30,Dodgers,9,9,1,Rockies,4,10,1
2019-07-30,Tigers,1,8,2,Angels,6,12,1
2019-07-30,Brewers,2,7,1,Athletics,3,7,0
2019-07-31,Braves,5,12,0,Nationals,4,8,0
2019-07-31,Pirates,1,6,0,Reds,4,10,0
2019-07-31,D-backs,5,9,0,Yankees,7,8,1
2019-07-31,Blue Jays,4,9,0,Royals,1,3,0
2019-07-31,Dodgers,5,8,0,Rockies,1,6,1
2019-07-31,Tigers,9,9,0,Angels,1,5,0
2019-07-31,Giants,5,8,0,Phillies,1,5,0
2019-07-31,Astros,4,7,0,Indians,10,11,0
2019-07-31,Rays,8,12,1,Red Sox,5,12,0
2019-07-31,Twins,7,8,0,Marlins,4,6,0
2019-07-31,Mariners,7,12,1,Rangers,9,16,1
2019-07-31,Mets,4,6,0,White Sox,2,8,1
2019-07-31,Cubs,2,8,1,Cardinals,0,9,2
2019-07-31,Brewers,4,9,1,Athletics,2,7,0
2019-08-01,Twins,4,9,1,Marlins,5,11,0
2019-08-01,Giants,2,10,1,Phillies,10,12,3
2019-08-01,Mets,4,8,0,White Sox,0,4,1
2019-08-01,Brewers,3,7,0,Athletics,5,6,1
2019-08-01,Blue Jays,11,14,0,Orioles,2,8,0
2019-08-01,Astros,7,11,0,Indians,1,6,0
2019-08-01,Rays,9,12,0,Red Sox,4,10,0
2019-08-01,Cubs,0,1,0,Cardinals,8,14,0
2019-08-01,Reds,1,4,1,Braves,4,8,0
2019-08-01,Padres,2,8,0,Dodgers,8,11,0
2019-08-02,Brewers,2,8,3,Cubs,6,12,0
2019-08-02,Mets,4,9,1,Pirates,8,10,1
2019-08-02,Blue Jays,5,8,1,Orioles,2,7,0
2019-08-02,White Sox,4,12,1,Phillies,3,12,1
2019-08-02,Red Sox,2,3,0,Yankees,4,5,0
2019-08-02,Angels,3,5,0,Indians,7,12,0
2019-08-02,Reds,5,10,0,Braves,2,4,0
2019-08-02,Tigers,4,9,2,Rangers,5,12,0
2019-08-02,Mariners,2,3,1,Astros,10,12,0
2019-08-02,Royals,9,15,0,Twins,11,11,2
2019-08-02,Giants,4,9,0,Rockies,5,12,0
2019-08-02,Nationals,3,4,0,D-backs,0,1,0
2019-08-02,Padres,5,14,0,Dodgers,2,4,1
2019-08-03,Red Sox,2,5,0,Yankees,9,14,0
2019-08-03,Red Sox,4,8,0,Yankees,6,13,0
2019-08-03,Brewers,1,8,0,Cubs,4,9,0
2019-08-03,Marlins,6,9,0,Rays,8,11,2
2019-08-03,Mets,7,11,0,Pirates,5,10,1
2019-08-03,Blue Jays,4,12,1,Orioles,6,6,0
2019-08-03,White Sox,2,5,2,Phillies,3,4,1
2019-08-03,Angels,2,9,2,Indians,7,7,1
2019-08-03,Mariners,0,0,1,Astros,9,15,0
2019-08-03,Royals,3,5,2,Twins,11,12,1
2019-08-03,Reds,4,8,0,Braves,5,8,0
2019-08-03,Tigers,4,8,1,Rangers,5,8,1
2019-08-03,Nationals,7,11,0,D-backs,18,15,0
2019-08-03,Giants,6,14,1,Rockies,5,12,0
2019-08-03,Cardinals,3,8,0,Athletics,8,11,0
2019-08-03,Padres,1,5,1,Dodgers,4,7,1
2019-08-04,Blue Jays,5,13,2,Orioles,6,6,0
2019-08-04,White Sox,10,11,0,Phillies,5,9,1
2019-08-04,Angels,2,5,0,Indians,6,10,0
2019-08-04,Marlins,2,6,1,Rays,7,10,1
2019-08-04,Reds,6,8,1,Braves,4,9,0
2019-08-04,Mets,13,16,0,Pirates,2,4,1
2019-08-04,Mariners,1,4,1,Astros,3,5,0
2019-08-04,Royals,0,2,0,Twins,3,6,0
2019-08-04,Brewers,2,9,0,Cubs,7,14,1
2019-08-04,Tigers,4,10,3,Rangers,9,8,2
2019-08-04,Giants,2,7,0,Rockies,6,13,0
2019-08-04,Cardinals,2,5,0,Athletics,4,7,1
2019-08-04,Nationals,5,9,0,D-backs,7,9,1
2019-08-04,Padres,10,12,1,Dodgers,11,11,1
2019-08-04,Red Sox,4,7,0,Yankees,7,10,0
2019-08-05,Marlins,2,6,1,Mets,6,6,0
2019-08-05,Marlins,4,9,0,Mets,5,8,0
2019-08-05,Yankees,9,12,2,Orioles,6,12,1
2019-08-05,Brewers,9,13,1,Pirates,7,8,1
2019-08-05,Angels,4,5,1,Reds,7,8,0
2019-08-05,Royals,5,8,1,Red Sox,7,10,0
2019-08-05,Rangers,1,5,0,Indians,0,8,0
2019-08-05,Blue Jays,2,9,3,Rays,0,5,0
2019-08-05,White Sox,7,14,0,Tigers,4,11,2
2019-08-05,Athletics,5,6,0,Cubs,6,12,0
2019-08-05,Braves,3,9,0,Twins,5,8,1
2019-08-05,Phillies,7,13,1,D-backs,3,9,2
2019-08-05,Nationals,4,6,0,Giants,0,7,0
2019-08-05,Cardinals,0,2,0,Dodgers,8,12,0
2019-08-06,White Sox,5,13,2,Tigers,3,10,0
2019-08-06,White Sox,6,14,2,Tigers,10,16,1
2019-08-06,Yankees,9,11,0,Orioles,4,11,0
2019-08-06,Brewers,4,7,0,Pirates,3,10,1
2019-08-06,Angels,4,7,1,Reds,8,13,0
2019-08-06,Royals,6,7,0,Red Sox,2,9,0
2019-08-06,Blue Jays,6,8,1,Rays,7,12,2
2019-08-06,Marlins,0,9,0,Mets,5,8,1
2019-08-06,Athletics,11,13,1,Cubs,4,11,1
2019-08-06,Rockies,6,7,1,Astros,11,13,2
2019-08-06,Braves,12,16,0,Twins,7,10,1
2019-08-06,Phillies,4,15,1,D-backs,8,12,3
2019-08-06,Nationals,5,8,1,Giants,3,8,1
2019-08-06,Padres,9,9,1,Mariners,4,6,0
2019-08-06,Cardinals,1,7,0,Dodgers,3,7,0
2019-08-07,Marlins,2,8,0,Mets,7,10,0
2019-08-07,Rangers,0,6,0,Indians,2,3,1
2019-08-07,Rangers,1,4,0,Indians,5,9,1
2019-08-07,Blue Jays,4,7,0,Rays,3,8,1
2019-08-07,Braves,11,17,1,Twins,7,12,0
2019-08-07,White Sox,8,15,0,Tigers,1,6,1
2019-08-07,Rockies,3,8,0,Astros,14,12,0
2019-08-07,Athletics,1,3,0,Cubs,10,11,0
2019-08-07,Cardinals,1,7,0,Dodgers,2,7,0
2019-08-07,Nationals,4,9,0,Giants,1,6,0
2019-08-07,Padres,2,8,1,Mariners,3,7,0
2019-08-07,Yankees,14,15,0,Orioles,2,6,2
2019-08-07,Brewers,8,10,2,Pirates,3,6,2
2019-08-07,Royals,4,13,0,Red Sox,5,12,0
2019-08-07,Phillies,1,5,2,D-backs,6,8,0
2019-08-08,Yankees,12,15,1,Blue Jays,6,12,1
2019-08-08,Angels,0,2,0,Red Sox,3,5,0
2019-08-08,Cubs,12,19,0,Reds,5,11,0
2019-08-08,Royals,8,9,2,Tigers,10,8,0
2019-08-08,Braves,2,5,1,Marlins,9,15,0
2019-08-08,Indians,7,7,0,Twins,5,8,1
2019-08-08,Phillies,0,1,1,Giants,5,10,0
2019-08-08,Rockies,3,13,3,Padres,9,8,0
2019-08-09,Athletics,7,9,0,White Sox,0,4,0
2019-08-09,Astros,3,8,0,Orioles,2,8,1
2019-08-09,Yankees,2,7,0,Blue Jays,8,6,0
2019-08-09,Angels,4,3,2,Red Sox,16,14,0
2019-08-09,Cubs,2,5,0,Reds,5,6,0
2019-08-09,Royals,2,7,0,Tigers,5,12,0
2019-08-09,Nationals,6,13,0,Mets,7,11,0
2019-08-09,Braves,8,12,0,Marlins,4,9,2
2019-08-09,Indians,6,14,1,Twins,2,8,1
2019-08-09,Rangers,5,4,0,Brewers,6,8,2
2019-08-09,Pirates,2,7,1,Cardinals,6,10,0
2019-08-09,D-backs,3,12,0,Dodgers,2,2,0
2019-08-09,Rockies,1,6,0,Padres,7,11,1
2019-08-09,Rays,5,8,0,Mariners,3,10,1
2019-08-09,Phillies,9,10,1,Giants,6,11,1
2019-08-10,Yankees,4,5,0,Blue Jays,5,5,0
2019-08-10,Angels,12,11,2,Red Sox,4,9,1
2019-08-10,Phillies,1,3,1,Giants,3,5,0
2019-08-10,Royals,7,5,0,Tigers,0,6,2
2019-08-10,Braves,6,7,1,Marlins,7,13,0
2019-08-10,Astros,23,25,1,Orioles,2,6,1
2019-08-10,Cubs,1,7,1,Reds,10,18,0
2019-08-10,Nationals,3,8,1,Mets,4,5,0
2019-08-10,Indians,1,8,0,Twins,4,10,0
2019-08-10,Athletics,2,10,1,White Sox,3,7,1
2019-08-10,Rangers,2,5,0,Brewers,3,9,1
2019-08-10,Pirates,1,6,1,Cardinals,3,7,0
2019-08-10,Rockies,5,8,1,Padres,8,11,1
2019-08-10,D-backs,0,4,0,Dodgers,4,6,0
2019-08-10,Rays,5,8,0,Mariners,4,9,0
2019-08-11,Angels,5,8,0,Red Sox,4,8,0
2019-08-11,Astros,7,11,1,Orioles,8,16,1
2019-08-11,Yankees,1,5,1,Blue Jays,0,4,0
2019-08-11,Cubs,6,10,0,Reds,3,6,0
2019-08-11,Royals,10,11,0,Tigers,2,7,1
2019-08-11,Nationals,7,10,0,Mets,4,9,2
2019-08-11,Braves,5,5,0,Marlins,4,12,0
2019-08-11,Indians,7,9,0,Twins,3,9,0
2019-08-11,Athletics,2,7,0,White Sox,0,5,0
2019-08-11,Rangers,1,4,0,Brewers,0,4,0
2019-08-11,Pirates,9,13,1,Cardinals,11,14,1
2019-08-11,Rockies,8,12,0,Padres,3,6,1
2019-08-11,D-backs,3,9,0,Dodgers,9,14,0
2019-08-11,Rays,1,6,0,Mariners,0,3,0
2019-08-11,Phillies,6,10,0,Giants,9,12,0
2019-08-12,Orioles,5,7,0,Yankees,8,8,0
2019-08-12,Orioles,8,9,1,Yankees,11,12,0
2019-08-12,Reds,6,11,0,Nationals,7,11,0
2019-08-12,Rangers,4,8,0,Blue Jays,19,21,0
2019-08-12,Red Sox,5,12,0,Indians,6,12,0
2019-08-12,D-backs,8,11,0,Rockies,6,11,0
2019-08-12,Pirates,10,13,1,Angels,2,9,3
2019-08-12,Rays,10,14,1,Padres,4,10,0
2019-08-13,Astros,6,9,0,White Sox,2,7,0
2019-08-13,Astros,1,4,1,White Sox,4,10,1
2019-08-13,Reds,1,9,0,Nationals,3,6,0
2019-08-13,Cubs,2,5,1,Phillies,4,9,0
2019-08-13,Orioles,3,6,0,Yankees,8,15,0
2019-08-13,Rangers,0,5,1,Blue Jays,3,6,0
2019-08-13,Red Sox,7,17,1,Indians,6,9,0
2019-08-13,Mariners,11,11,0,Tigers,6,13,1
2019-08-13,Dodgers,15,15,0,Marlins,1,4,1
2019-08-13,Mets,3,10,0,Braves,5,13,0
2019-08-13,Twins,7,9,1,Brewers,5,10,0
2019-08-13,Cardinals,2,5,0,Royals,0,4,1
2019-08-13,D-backs,9,11,0,Rockies,3,13,0
2019-08-13,Athletics,2,5,1,Giants,3,6,0
2019-08-13,Pirates,10,17,0,Angels,7,10,2
2019-08-13,Rays,7,11,2,Padres,5,7,2
2019-08-14,Rangers,7,10,1,Blue Jays,3,6,0
2019-08-14,Orioles,5,10,0,Yankees,6,7,0
2019-08-14,Red Sox,5,12,1,Indians,1,5,0
2019-08-14,Astros,9,15,2,White Sox,13,15,1
2019-08-14,Twins,5,6,2,Brewers,6,11,0
2019-08-14,D-backs,6,12,5,Rockies,7,9,0
2019-08-14,Rays,2,6,1,Padres,7,10,0
2019-08-14,Athletics,9,15,0,Giants,5,7,0
2019-08-14,Reds,7,13,0,Nationals,17,17,0
2019-08-14,Cubs,1,4,0,Phillies,11,13,0
2019-08-14,Mariners,2,7,1,Tigers,3,12,1
2019-08-14,Dodgers,9,12,1,Marlins,1,3,0
2019-08-14,Mets,4,12,0,Braves,6,8,1
2019-08-14,Pirates,4,6,1,Angels,7,10,1
2019-08-14,Cardinals,6,8,0,Royals,0,5,1
2019-08-15,Mariners,7,14,1,Tigers,2,8,0
2019-08-15,Dodgers,7,7,0,Marlins,13,13,0
2019-08-15,Cubs,5,9,1,Phillies,7,10,1
2019-08-15,Indians,19,24,1,Yankees,5,9,0
2019-08-15,Cardinals,1,2,0,Reds,2,7,0
2019-08-15,Mets,10,23,1,Braves,8,11,0
2019-08-15,Twins,13,14,1,Rangers,6,13,2
2019-08-15,Giants,7,13,0,D-backs,0,3,0
2019-08-15,Astros,6,7,0,Athletics,7,8,0
2019-08-15,White Sox,7,9,1,Angels,8,11,1
2019-08-16,Cubs,2,5,1,Pirates,3,5,0
2019-08-16,Padres,4,7,2,Phillies,8,12,0
2019-08-16,Indians,2,4,1,Yankees,3,10,1
2019-08-16,Brewers,1,9,1,Nationals,2,3,0
2019-08-16,Mariners,3,7,0,Blue Jays,7,11,0
2019-08-16,Orioles,1,5,0,Red Sox,9,12,0
2019-08-16,Cardinals,13,18,2,Reds,4,7,1
2019-08-16,Tigers,2,6,0,Rays,0,5,1
2019-08-16,Dodgers,8,11,0,Braves,3,6,0
2019-08-16,Twins,4,9,0,Rangers,3,9,1
2019-08-16,Mets,1,8,1,Royals,4,8,1
2019-08-16,Marlins,0,6,1,Rockies,3,5,0
2019-08-16,Giants,10,15,0,D-backs,9,13,0
2019-08-16,Astros,2,9,1,Athletics,3,8,2
2019-08-16,White Sox,7,10,1,Angels,2,6,1
2019-08-17,Indians,5,9,2,Yankees,6,8,0
2019-08-17,Cubs,2,4,2,Pirates,0,4,1
2019-08-17,Mariners,4,6,1,Blue Jays,3,9,1
2019-08-17,Astros,4,10,0,Athletics,8,13,0
2019-08-17,Tigers,0,3,0,Rays,1,6,0
2019-08-17,Cardinals,1,7,0,Reds,6,11,1
2019-08-17,Padres,5,12,0,Phillies,3,6,0
2019-08-17,Brewers,15,20,1,Nationals,14,18,0
2019-08-17,Orioles,0,5,0,Red Sox,4,7,0
2019-08-17,Mets,4,11,1,Royals,1,4,0
2019-08-17,Dodgers,3,9,0,Braves,4,7,1
2019-08-17,Twins,12,18,1,Rangers,7,10,1
2019-08-17,Giants,11,18,1,D-backs,6,12,1
2019-08-17,Marlins,4,8,0,Rockies,11,13,0
2019-08-17,White Sox,5,9,0,Angels,6,7,0
2019-08-18,Orioles,7,9,1,Red Sox,13,16,1
2019-08-18,Padres,3,9,0,Phillies,2,4,0
2019-08-18,Indians,8,11,0,Yankees,4,9,1
2019-08-18,Mariners,7,11,0,Blue Jays,0,2,0
2019-08-18,Cardinals,5,8,0,Reds,4,8,1
2019-08-18,Tigers,4,10,1,Rays,5,5,1
2019-08-18,Dodgers,3,9,2,Braves,5,9,0
2019-08-18,Brewers,8,17,0,Nationals,16,19,2
2019-08-18,Mets,11,16,1,Royals,5,6,0
2019-08-18,Twins,6,8,2,Rangers,3,10,2
2019-08-18,Marlins,6,11,2,Rockies,7,10,0
2019-08-18,Astros,4,10,0,Athletics,1,6,1
2019-08-18,White Sox,2,7,0,Angels,9,15,0
2019-08-18,Giants,1,7,1,D-backs,6,8,0
2019-08-18,Cubs,7,9,1,Pirates,1,7,1
2019-08-19,Royals,5,6,2,Orioles,4,7,1
2019-08-19,Nationals,13,15,0,Pirates,0,4,1
2019-08-19,Padres,3,5,0,Reds,2,8,1
2019-08-19,Mariners,9,9,0,Rays,3,6,2
2019-08-19,Brewers,0,1,0,Cardinals,3,5,1
2019-08-19,Angels,7,13,2,Rangers,8,13,0
2019-08-19,Tigers,4,14,2,Astros,5,8,1
2019-08-19,White Sox,6,8,1,Twins,4,15,1
2019-08-19,Rockies,3,9,1,D-backs,5,6,0
2019-08-20,Angels,5,6,0,Rangers,1,5,0
2019-08-20,Angels,2,7,1,Rangers,3,8,0
2019-08-20,Royals,1,6,0,Orioles,4,7,0
2019-08-20,Nationals,1,6,0,Pirates,4,7,0
2019-08-20,Indians,2,6,2,Mets,9,9,1
2019-08-20,Padres,2,4,2,Reds,3,5,1
2019-08-20,Mariners,7,9,1,Rays,4,8,1
2019-08-20,Phillies,3,7,0,Red Sox,2,6,0
2019-08-20,Marlins,1,8,2,Braves,5,7,1
2019-08-20,Brewers,4,12,0,Cardinals,9,10,0
2019-08-20,Giants,3,6,0,Cubs,5,9,0
2019-08-20,Tigers,3,10,0,Astros,6,8,0
2019-08-20,White Sox,4,6,1,Twins,14,14,0
2019-08-20,Rockies,7,13,2,D-backs,8,9,1
2019-08-20,Yankees,2,11,1,Athletics,6,9,0
2019-08-20,Blue Jays,3,7,0,Dodgers,16,15,0
2019-08-21,Padres,2,6,2,Reds,4,10,0
2019-08-21,Mariners,6,8,0,Rays,7,11,0
2019-08-21,White Sox,4,10,0,Twins,0,3,1
2019-08-21,Rockies,7,13,0,D-backs,2,4,0
2019-08-21,Royals,1,7,0,Orioles,8,12,1
2019-08-21,Nationals,11,12,0,Pirates,1,5,2
2019-08-21,Angels,7,12,0,Rangers,8,14,3
2019-08-21,Indians,3,9,0,Mets,4,9,0
2019-08-21,Phillies,5,6,1,Red Sox,2,8,2
2019-08-21,Marlins,0,7,1,Braves,5,3,0
2019-08-21,Brewers,5,8,2,Cardinals,3,6,1
2019-08-21,Giants,11,13,0,Cubs,12,14,2
2019-08-21,Tigers,2,2,0,Astros,1,6,0
2019-08-21,Yankees,4,11,0,Athletics,6,6,1
2019-08-21,Blue Jays,1,6,0,Dodgers,2,6,0
2019-08-22,Royals,4,13,0,Red Sox,5,12,0
2019-08-22,Giants,0,4,1,Cubs,1,2,0
2019-08-22,Nationals,7,14,0,Pirates,1,7,1
2019-08-22,Rays,5,8,2,Orioles,2,5,0
2019-08-22,Indians,0,2,2,Mets,2,5,0
2019-08-22,Marlins,2,6,2,Braves,3,6,0
2019-08-22,Rockies,5,8,0,Cardinals,6,9,2
2019-08-22,Tigers,3,5,0,Astros,6,9,0
2019-08-22,Rangers,1,3,0,White Sox,6,10,0
2019-08-22,Yankees,3,8,0,Athletics,5,10,0
2019-08-22,Blue Jays,2,5,0,Dodgers,3,4,0
2019-08-23,Nationals,9,14,1,Cubs,3,3,1
2019-08-23,Reds,2,8,1,Pirates,3,9,0
2019-08-23,Rays,7,11,0,Orioles,1,5,0
2019-08-23,Royals,1,6,0,Indians,4,9,0
2019-08-23,Braves,2,8,0,Mets,1,6,0
2019-08-23,Phillies,11,11,1,Marlins,19,19,1
2019-08-23,Angels,4,11,0,Astros,5,13,1
2019-08-23,Tigers,9,17,0,Twins,6,9,0
2019-08-23,Rangers,3,4,0,White Sox,8,12,0
2019-08-23,D-backs,1,2,0,Brewers,6,11,0
2019-08-23,Rockies,3,5,2,Cardinals,8,13,0
2019-08-23,Red Sox,11,14,1,Padres,0,5,3
2019-08-23,Blue Jays,4,11,1,Mariners,7,12,1
2019-08-23,Yankees,10,16,0,Dodgers,2,6,1
2019-08-24,Nationals,7,9,1,Cubs,2,7,2
2019-08-24,Yankees,1,5,0,Dodgers,2,6,0
2019-08-24,Phillies,9,12,0,Marlins,3,8,0
2019-08-24,Reds,0,7,1,Pirates,14,10,0
2019-08-24,Rays,1,6,0,Orioles,7,7,1
2019-08-24,Angels,2,7,0,Astros,5,8,0
2019-08-24,Royals,2,6,0,Indians,4,7,1
2019-08-24,Tigers,5,12,0,Twins,8,11,1
2019-08-24,Braves,9,11,0,Mets,5,11,1
2019-08-24,Rangers,4,9,2,White Sox,0,8,3
2019-08-24,D-backs,0,4,1,Brewers,4,7,0
2019-08-24,Rockies,0,4,0,Cardinals,6,6,0
2019-08-24,Red Sox,5,10,0,Padres,4,7,1
2019-08-24,Giants,10,13,0,Athletics,5,10,1
2019-08-24,Blue Jays,7,7,1,Mariners,5,8,1
2019-08-25,Rays,3,10,0,Orioles,8,16,1
2019-08-25,Royals,9,9,1,Indians,8,8,2
2019-08-25,Braves,2,3,1,Mets,1,7,0
2019-08-25,Phillies,2,4,0,Marlins,3,6,0
2019-08-25,Reds,8,11,1,Pirates,9,12,0
2019-08-25,Angels,2,4,0,Astros,11,10,0
2019-08-25,Tigers,4,9,0,Twins,7,5,0
2019-08-25,Rangers,0,1,1,White Sox,2,5,2
2019-08-25,D-backs,5,9,0,Brewers,2,7,1
2019-08-25,Rockies,4,7,0,Cardinals,11,15,1
2019-08-25,Nationals,7,14,0,Cubs,5,7,0
2019-08-25,Giants,5,8,1,Athletics,4,7,2
2019-08-25,Red Sox,1,4,0,Padres,3,5,1
2019-08-25,Blue Jays,1,5,1,Mariners,3,4,1
2019-08-25,Yankees,5,8,0,Dodgers,1,5,2
2019-08-26,Braves,1,7,0,Rockies,3,6,0
2019-08-26,Pirates,5,13,0,Phillies,6,11,0
2019-08-26,Cardinals,12,12,0,Brewers,2,9,2
2019-08-26,Reds,6,10,0,Marlins,3,5,0
2019-08-26,Athletics,19,22,0,Royals,4,11,0
2019-08-26,D-backs,6,11,3,Giants,4,9,1
2019-08-26,Dodgers,3,7,1,Padres,4,4,0
2019-08-26,Yankees,5,9,0,Mariners,4,4,0
2019-08-27,Orioles,2,5,0,Nationals,0,4,0
2019-08-27,Pirates,5,11,0,Phillies,4,11,1
2019-08-27,Braves,1,7,3,Blue Jays,3,10,0
2019-08-27,Indians,10,13,0,Tigers,1,3,1
2019-08-27,Cubs,5,11,0,Mets,2,6,0
2019-08-27,Reds,8,12,0,Marlins,5,10,2
2019-08-27,Cardinals,6,11,0,Brewers,3,7,1
2019-08-27,Rays,1,7,1,Astros,15,18,0
2019-08-27,Twins,3,8,0,White Sox,1,6,0
2019-08-27,Athletics,2,5,0,Royals,1,9,1
2019-08-27,Red Sox,10,10,0,Rockies,6,15,3
2019-08-27,D-backs,3,7,1,Giants,2,5,0
2019-08-27,Rangers,2,6,0,Angels,5,5,1
2019-08-27,Dodgers,9,14,0,Padres,0,5,2
2019-08-27,Yankees,7,11,1,Mariners,0,3,1
2019-08-28,Cardinals,1,7,1,Brewers,4,6,0
2019-08-28,Yankees,7,11,1,Mariners,3,3,0
2019-08-28,Pirates,3,9,2,Phillies,12,17,0
2019-08-28,Orioles,4,9,1,Nationals,8,13,0
2019-08-28,Braves,9,11,0,Blue Jays,4,10,1
2019-08-28,Indians,4,9,1,Tigers,2,7,0
2019-08-28,Cubs,10,12,1,Mets,7,14,1
2019-08-28,Reds,5,7,0,Marlins,0,4,0
2019-08-28,Rays,6,7,1,Astros,8,10,0
2019-08-28,Twins,8,12,0,White Sox,2,9,1
2019-08-28,Athletics,4,8,0,Royals,6,9,0
2019-08-28,Red Sox,7,12,0,Rockies,4,11,1
2019-08-28,Dodgers,6,9,0,Padres,4,5,1
2019-08-28,Rangers,3,7,0,Angels,0,3,0
2019-08-29,Indians,2,7,0,Tigers,0,4,0
2019-08-29,Athletics,9,14,1,Royals,8,11,1
2019-08-29,Rays,9,14,2,Astros,8,8,0
2019-08-29,Twins,10,16,2,White Sox,5,12,0
2019-08-29,Cubs,4,6,1,Mets,1,5,0
2019-08-29,Reds,3,6,0,Marlins,4,9,1
2019-08-29,Mariners,5,7,0,Rangers,3,7,2
2019-08-29,Pirates,11,15,0,Rockies,8,12,0
2019-08-29,Dodgers,5,7,1,D-backs,11,16,0
2019-08-29,Padres,5,8,0,Giants,3,8,0
2019-08-30,Brewers,1,8,1,Cubs,7,11,0
2019-08-30,Mets,11,12,0,Phillies,5,12,0
2019-08-30,Marlins,6,8,0,Nationals,7,9,2
2019-08-30,Athletics,8,12,0,Yankees,2,6,0
2019-08-30,Astros,7,13,0,Blue Jays,4,8,1
2019-08-30,Indians,0,5,0,Rays,4,8,0
2019-08-30,Twins,13,14,0,Tigers,5,12,1
2019-08-30,White Sox,7,7,2,Braves,10,13,1
2019-08-30,Mariners,3,10,2,Rangers,6,7,1
2019-08-30,Orioles,14,21,0,Royals,2,6,2
2019-08-30,Pirates,9,16,0,Rockies,4,10,2
2019-08-30,Dodgers,4,10,0,D-backs,5,8,0
2019-08-30,Red Sox,7,8,1,Angels,6,11,1
2019-08-30,Padres,3,6,1,Giants,8,13,1
2019-08-31,Athletics,3,8,0,Yankees,4,6,0
2019-08-31,Reds,6,7,2,Cardinals,10,12,0
2019-08-31,Reds,2,3,1,Cardinals,3,8,1
2019-08-31,Brewers,2,8,0,Cubs,0,6,0
2019-08-31,Astros,4,6,0,Blue Jays,6,10,0
2019-08-31,Mets,6,13,1,Phillies,3,9,2
2019-08-31,Indians,6,11,1,Rays,9,11,0
2019-08-31,Twins,7,10,2,Tigers,10,15,0
2019-08-31,Marlins,0,2,0,Nationals,7,8,0
2019-08-31,Orioles,5,5,2,Royals,7,8,0
2019-08-31,White Sox,5,13,0,Braves,11,12,2
2019-08-31,Mariners,2,9,0,Rangers,3,6,1
2019-08-31,Dodgers,5,10,1,D-backs,6,6,0
2019-08-31,Pirates,11,18,0,Rockies,4,9,2
2019-08-31,Padres,4,11,0,Giants,1,9,0
2019-08-31,Red Sox,4,9,0,Angels,10,13,2
2019-09-01,Reds,3,5,2,Cardinals,4,6,0
2019-09-01,Reds,5,7,1,Cardinals,3,6,1
2019-09-01,Athletics,4,4,0,Yankees,5,6,0
2019-09-01,Astros,2,5,0,Blue Jays,0,0,0
2019-09-01,Indians,2,6,1,Rays,8,14,0
2019-09-01,Twins,8,12,0,Tigers,3,8,0
2019-09-01,Marlins,3,4,3,Nationals,9,9,0
2019-09-01,Orioles,4,8,0,Royals,6,11,2
2019-09-01,Brewers,4,7,0,Cubs,0,4,0
2019-09-01,Mariners,11,13,0,Rangers,3,9,0
2019-09-01,Pirates,6,14,1,Rockies,2,5,3
2019-09-01,Padres,8,13,0,Giants,4,7,0
2019-09-01,Red Sox,4,8,0,Angels,3,8,0
2019-09-01,Dodgers,4,9,0,D-backs,3,8,0
2019-09-01,White Sox,3,5,0,Braves,5,6,0
2019-09-01,Mets,2,4,1,Phillies,5,9,0
2019-09-02,Mets,7,11,0,Nationals,3,5,1
2019-09-02,Rangers,7,12,0,Yankees,0,6,1
2019-09-02,Orioles,4,10,0,Rays,5,6,0
2019-09-02,Twins,4,14,1,Tigers,3,9,0
2019-09-02,Blue Jays,3,5,3,Braves,6,4,0
2019-09-02,Phillies,7,6,0,Reds,1,7,2
2019-09-02,Giants,1,5,0,Cardinals,3,6,0
2019-09-02,Mariners,1,4,1,Cubs,5,7,0
2019-09-02,Padres,7,12,2,D-backs,14,18,1
2019-09-02,Astros,3,10,1,Brewers,2,6,0
2019-09-02,White Sox,3,10,1,Indians,11,11,2
2019-09-02,Rockies,9,12,1,Dodgers,16,17,0
2019-09-03,Orioles,4,11,0,Rays,2,5,0
2019-09-03,Orioles,0,5,0,Rays,2,7,1
2019-09-03,Rangers,1,3,0,Yankees,10,11,0
2019-09-03,Phillies,6,10,0,Reds,2,6,0
2019-09-03,Mets,10,11,0,Nationals,11,15,1
2019-09-03,Marlins,5,7,0,Pirates,4,4,2
2019-09-03,Twins,6,8,0,Red Sox,5,6,0
2019-09-03,White Sox,6,7,0,Indians,5,6,0
2019-09-03,Blue Jays,2,6,0,Braves,7,8,0
2019-09-03,Astros,2,6,0,Brewers,4,9,0
2019-09-03,Giants,0,2,0,Cardinals,1,5,0
2019-09-03,Mariners,1,9,1,Cubs,6,8,0
2019-09-03,Tigers,5,14,0,Royals,6,9,0
2019-09-03,Padres,1,7,0,D-backs,2,7,0
2019-09-03,Angels,5,8,2,Athletics,7,6,0
2019-09-03,Rockies,3,8,0,Dodgers,5,6,0
2019-09-04,Mets,8,13,0,Nationals,4,11,1
2019-09-04,Rangers,1,7,0,Yankees,4,6,0
2019-09-04,Phillies,5,7,0,Reds,8,9,0
2019-09-04,Marlins,5,10,1,Pirates,6,10,1
2019-09-04,Twins,2,8,0,Red Sox,6,9,0
2019-09-04,White Sox,6,13,2,Indians,8,14,0
2019-09-04,Giants,9,15,1,Cardinals,8,13,1
2019-09-04,Tigers,4,8,0,Royals,5,12,0
2019-09-04,Padres,1,3,0,D-backs,4,9,1
2019-09-04,Angels,0,5,0,Athletics,4,5,0
2019-09-04,Rockies,3,7,0,Dodgers,7,8,0
2019-09-05,Phillies,3,7,0,Reds,4,9,1
2019-09-05,White Sox,7,12,0,Indians,1,1,0
2019-09-05,Tigers,6,11,0,Royals,4,12,1
2019-09-05,Giants,0,4,1,Cardinals,10,12,0
2019-09-05,Angels,6,10,0,Athletics,10,10,1
2019-09-05,Rangers,3,5,2,Orioles,1,10,2
2019-09-05,Marlins,10,16,2,Pirates,7,10,2
2019-09-05,Blue Jays,4,8,2,Rays,6,9,0
2019-09-05,Twins,2,2,1,Red Sox,1,4,1
2019-09-05,Cubs,10,16,2,Brewers,5,6,1
2019-09-05,Nationals,2,3,0,Braves,4,6,0
2019-09-05,Mariners,9,12,1,Astros,11,11,0
2019-09-06,Cardinals,4,9,0,Pirates,9,12,0
2019-09-06,Rangers,7,12,0,Orioles,6,10,0
2019-09-06,D-backs,7,12,0,Reds,5,7,0
2019-09-06,Blue Jays,0,2,1,Rays,5,9,0
2019-09-06,Phillies,4,9,0,Mets,5,10,0
2019-09-06,Royals,3,9,0,Marlins,0,7,1
2019-09-06,Yankees,1,3,0,Red Sox,6,6,0
2019-09-06,Nationals,3,9,2,Braves,4,7,0
2019-09-06,Mariners,4,4,1,Astros,7,9,1
2019-09-06,Indians,6,10,1,Twins,2,9,0
2019-09-06,Angels,5,5,0,White Sox,4,6,0
2019-09-06,Cubs,1,3,2,Brewers,7,10,0
2019-09-06,Athletics,7,12,1,Tigers,3,5,0
2019-09-06,Tigers,5,11,0,Athletics,4,6,0
2019-09-06,Rockies,3,7,0,Padres,2,5,1
2019-09-06,Giants,5,9,0,Dodgers,4,6,0
2019-09-07,Yankees,5,9,0,Red Sox,1,5,0
2019-09-07,D-backs,2,4,0,Reds,0,3,2
2019-09-07,Blue Jays,3,6,0,Rays,5,8,0
2019-09-07,Royals,7,10,0,Marlins,2,4,3
2019-09-07,Cardinals,10,11,0,Pirates,1,6,2
2019-09-07,Rangers,9,12,2,Orioles,4,6,3
2019-09-07,Mariners,1,6,0,Astros,2,6,1
2019-09-07,Indians,3,7,1,Twins,5,7,0
2019-09-07,Phillies,5,11,2,Mets,0,6,1
2019-09-07,Angels,8,11,1,White Sox,7,8,1
2019-09-07,Cubs,2,4,1,Brewers,3,7,1
2019-09-07,Nationals,4,5,0,Braves,5,6,0
2019-09-07,Rockies,0,3,0,Padres,3,6,0
2019-09-07,Tigers,2,9,0,Athletics,10,12,0
2019-09-07,Giants,1,5,0,Dodgers,0,4,0
2019-09-08,Rangers,10,20,0,Orioles,4,7,0
2019-09-08,D-backs,3,3,0,Reds,4,12,1
2019-09-08,Blue Jays,3,6,0,Rays,8,10,0
2019-09-08,Phillies,10,13,0,Mets,7,14,1
2019-09-08,Royals,0,4,1,Marlins,9,13,0
2019-09-08,Nationals,9,17,0,Braves,4,7,0
2019-09-08,Cardinals,2,5,0,Pirates,0,5,0
2019-09-08,Mariners,1,1,1,Astros,21,22,0
2019-09-08,Indians,5,11,0,Twins,2,5,0
2019-09-08,Angels,1,5,0,White Sox,5,11,0
2019-09-08,Cubs,5,7,0,Brewers,8,9,1
2019-09-08,Tigers,1,2,1,Athletics,3,7,0
2019-09-08,Rockies,1,4,0,Padres,2,7,0
2019-09-08,Giants,0,4,1,Dodgers,5,5,0
2019-09-08,Yankees,10,13,0,Red Sox,5,9,3
2019-09-09,Braves,7,8,0,Phillies,2,5,0
2019-09-09,D-backs,1,3,0,Mets,3,9,1
2019-09-09,Yankees,5,12,0,Red Sox,0,7,0
2019-09-09,Brewers,8,12,0,Marlins,3,10,0
2019-09-09,Athletics,0,3,1,Astros,15,17,1
2019-09-09,Pirates,6,10,0,Giants,4,9,1
2019-09-09,Indians,6,9,0,Angels,2,7,1
2019-09-09,Cubs,10,15,2,Padres,2,9,1
2019-09-10,Yankees,11,11,1,Tigers,12,16,0
2019-09-10,Dodgers,7,13,1,Orioles,3,7,0
2019-09-10,Braves,5,10,0,Phillies,6,8,1
2019-09-10,Red Sox,3,8,0,Blue Jays,4,9,0
2019-09-10,D-backs,2,10,0,Mets,3,5,0
2019-09-10,Brewers,4,6,0,Marlins,3,8,1
2019-09-10,Nationals,0,2,0,Twins,5,6,1
2019-09-10,Rays,5,10,1,Rangers,3,5,2
2019-09-10,Athletics,21,25,0,Astros,7,12,0
2019-09-10,Royals,3,8,1,White Sox,7,9,0
2019-09-10,Cardinals,1,6,0,Rockies,2,7,1
2019-09-10,Pirates,4,7,1,Giants,5,9,0
2019-09-10,Indians,8,8,0,Angels,0,4,0
2019-09-10,Cubs,8,9,1,Padres,9,11,1
2019-09-10,Reds,3,8,0,Mariners,4,4,0
2019-09-11,Dodgers,3,6,2,Orioles,7,9,0
2019-09-11,Braves,3,7,0,Phillies,1,5,1
2019-09-11,Red Sox,0,2,1,Blue Jays,8,11,1
2019-09-11,D-backs,0,7,0,Mets,9,11,0
2019-09-11,Brewers,7,8,2,Marlins,5,8,0
2019-09-11,Nationals,6,9,0,Twins,2,8,0
2019-09-11,Rays,9,12,1,Rangers,10,10,0
2019-09-11,Indians,4,10,0,Angels,3,7,0
2019-09-11,Athletics,5,7,0,Astros,3,8,0
2019-09-11,Royals,8,14,0,White Sox,6,8,0
2019-09-11,Cardinals,1,6,0,Rockies,2,6,2
2019-09-11,Pirates,6,9,2,Giants,3,3,2
2019-09-11,Cubs,0,3,2,Padres,4,7,0
2019-09-11,Reds,3,5,1,Mariners,5,4,0
2019-09-12,D-backs,1,4,1,Mets,11,11,0
2019-09-12,Yankees,10,10,0,Tigers,4,11,3
2019-09-12,Yankees,6,11,1,Tigers,4,7,1
2019-09-12,Brewers,3,6,1,Marlins,2,7,0
2019-09-12,Royals,6,6,0,White Sox,3,11,1
2019-09-12,Cardinals,10,11,0,Rockies,3,7,0
2019-09-12,Cubs,4,8,0,Padres,1,5,0
2019-09-12,Pirates,4,8,0,Giants,2,8,0
2019-09-12,Red Sox,7,12,0,Blue Jays,4,7,3
2019-09-12,Dodgers,4,6,0,Orioles,2,2,1
2019-09-12,Braves,5,7,0,Phillies,9,11,1
2019-09-12,Nationals,12,14,0,Twins,6,12,0
2019-09-12,Rays,4,10,2,Rangers,6,11,0
2019-09-12,Athletics,3,6,1,Astros,2,6,0
2019-09-12,Reds,11,11,0,Mariners,5,11,0
2019-09-13,Pirates,8,13,0,Cubs,17,16,3
2019-09-13,Braves,5,12,0,Nationals,0,3,0
2019-09-13,Yankees,5,9,2,Blue Jays,6,13,1
2019-09-13,Orioles,6,10,0,Tigers,2,10,0
2019-09-13,Dodgers,9,11,0,Mets,2,5,0
2019-09-13,Athletics,14,14,2,Rangers,9,7,0
2019-09-13,Astros,4,7,1,Royals,1,5,0
2019-09-13,Brewers,0,2,0,Cardinals,10,8,0
2019-09-13,Padres,8,9,1,Rockies,10,14,1
2019-09-13,Reds,4,5,0,D-backs,3,7,1
2019-09-13,Rays,11,15,0,Angels,4,8,0
2019-09-13,White Sox,9,15,0,Mariners,7,12,1
2019-09-13,Marlins,0,4,0,Giants,1,9,0
2019-09-14,Twins,2,7,1,Indians,0,5,0
2019-09-14,Twins,9,8,0,Indians,5,8,1
2019-09-14,Pirates,1,8,0,Cubs,14,14,0
2019-09-14,Yankees,13,19,1,Blue Jays,3,9,1
2019-09-14,Braves,10,14,0,Nationals,1,6,2
2019-09-14,Orioles,4,10,0,Tigers,8,13,1
2019-09-14,Red Sox,2,6,0,Phillies,1,5,0
2019-09-14,Dodgers,0,3,0,Mets,3,3,0
2019-09-14,Astros,6,10,0,Royals,1,8,1
2019-09-14,Brewers,5,7,1,Cardinals,2,7,0
2019-09-14,Athletics,8,12,2,Rangers,6,12,2
2019-09-14,Reds,0,3,1,D-backs,1,1,1
2019-09-14,Padres,10,10,2,Rockies,11,12,1
2019-09-14,Marlins,4,7,0,Giants,2,8,1
2019-09-14,Rays,3,5,2,Angels,1,6,1
2019-09-14,White Sox,1,7,0,Mariners,2,6,0
2019-09-15,Red Sox,6,6,0,Phillies,3,7,1
2019-09-15,Yankees,4,6,0,Blue Jays,6,8,1
2019-09-15,Orioles,8,12,0,Tigers,2,12,0
2019-09-15,Twins,5,13,4,Indians,7,10,0
2019-09-15,Braves,0,4,0,Nationals,7,10,0
2019-09-15,Astros,12,16,0,Royals,3,12,0
2019-09-15,Brewers,7,12,1,Cardinals,6,5,1
2019-09-15,Pirates,6,14,1,Cubs,16,19,1
2019-09-15,Athletics,6,7,1,Rangers,1,5,0
2019-09-15,Padres,5,8,0,Rockies,10,12,0
2019-09-15,Marlins,1,5,1,Giants,2,7,1
2019-09-15,Rays,4,6,0,Angels,6,11,0
2019-09-15,Reds,3,6,2,D-backs,1,4,0
2019-09-15,White Sox,10,12,1,Mariners,11,17,1
2019-09-15,Dodgers,3,9,0,Mets,2,3,0
2019-09-16,Orioles,2,9,0,Tigers,5,7,0
2019-09-16,White Sox,3,6,2,Twins,5,10,1
2019-09-16,Padres,1,2,1,Brewers,5,8,0
2019-09-16,Nationals,2,5,1,Cardinals,4,5,0
2019-09-16,Reds,2,6,1,Cubs,8,10,0
2019-09-16,Mets,4,9,1,Rockies,9,13,0
2019-09-16,Marlins,5,8,2,D-backs,7,9,1
2019-09-16,Royals,6,11,0,Athletics,5,10,1
2019-09-17,Angels,0,6,0,Yankees,8,10,0
2019-09-17,Mariners,6,10,0,Pirates,0,8,0
2019-09-17,Blue Jays,8,12,1,Orioles,5,8,1
2019-09-17,Tigers,2,4,1,Indians,7,12,0
2019-09-17,Giants,7,14,0,Red Sox,6,14,1
2019-09-17,Phillies,5,9,0,Braves,4,8,0
2019-09-17,White Sox,8,20,0,Twins,9,15,1
2019-09-17,Padres,1,4,1,Brewers,3,4,0
2019-09-17,Nationals,6,12,2,Cardinals,2,6,0
2019-09-17,Reds,4,7,0,Cubs,2,5,0
2019-09-17,Rangers,1,6,0,Astros,4,7,0
2019-09-17,Mets,6,11,0,Rockies,1,6,0
2019-09-17,Marlins,12,17,0,D-backs,6,13,1
2019-09-17,Royals,1,6,0,Athletics,2,4,0
2019-09-17,Rays,5,6,1,Dodgers,7,6,2
2019-09-18,Nationals,1,9,0,Cardinals,5,8,2
2019-09-18,Mets,7,10,1,Rockies,4,11,0
2019-09-18,Royals,0,4,1,Athletics,1,5,0
2019-09-18,Marlins,4,10,1,D-backs,5,9,1
2019-09-18,Angels,3,10,0,Yankees,2,6,1
2019-09-18,Mariners,4,7,0,Pirates,1,6,0
2019-09-18,Blue Jays,11,15,1,Orioles,10,16,2
2019-09-18,Tigers,1,4,1,Indians,2,9,0
2019-09-18,Giants,11,15,0,Red Sox,3,6,1
2019-09-18,Phillies,4,4,3,Braves,1,5,0
2019-09-18,White Sox,3,10,0,Twins,1,3,0
2019-09-18,Padres,2,8,1,Brewers,1,3,0
2019-09-18,Reds,3,10,0,Cubs,2,4,1
2019-09-18,Rays,8,14,1,Dodgers,7,12,2
2019-09-18,Rangers,2,7,1,Astros,3,6,1
2019-09-19,Phillies,4,11,0,Braves,5,9,0
2019-09-19,Mariners,6,13,1,Pirates,5,11,3
2019-09-19,Giants,4,7,2,Red Sox,5,10,1
2019-09-19,Padres,1,5,1,Brewers,5,7,1
2019-09-19,Angels,1,5,0,Yankees,9,8,0
2019-09-19,Blue Jays,8,10,0,Orioles,4,8,0
2019-09-19,Tigers,0,9,0,Indians,7,12,1
2019-09-19,Cardinals,5,10,0,Cubs,4,6,1
2019-09-19,Royals,5,10,0,Twins,8,10,0
2019-09-20,Cardinals,2,4,1,Cubs,1,9,1
2019-09-20,Mariners,3,4,0,Orioles,5,8,1
2019-09-20,Blue Jays,4,7,0,Yankees,3,6,0
2019-09-20,Mets,8,10,0,Reds,1,7,1
2019-09-20,Red Sox,4,7,0,Rays,5,8,0
2019-09-20,Phillies,2,7,0,Indians,5,7,0
2019-09-20,White Sox,10,19,0,Tigers,1,7,3
2019-09-20,Nationals,6,7,2,Marlins,4,10,0
2019-09-20,Giants,0,4,0,Braves,6,7,1
2019-09-20,Angels,4,8,0,Astros,6,10,0
2019-09-20,Royals,3,7,0,Twins,4,5,1
2019-09-20,Pirates,1,6,1,Brewers,10,10,2
2019-09-20,Rangers,0,2,0,Athletics,8,9,0
2019-09-20,Rockies,5,10,1,Dodgers,12,13,0
2019-09-20,D-backs,9,7,1,Padres,0,3,2
2019-09-21,Blue Jays,2,6,0,Yankees,7,11,1
2019-09-21,Cardinals,9,13,0,Cubs,8,10,0
2019-09-21,Mets,2,3,1,Reds,3,9,1
2019-09-21,Red Sox,4,7,0,Rays,5,10,0
2019-09-21,White Sox,5,17,0,Tigers,3,11,0
2019-09-21,Nationals,10,16,1,Marlins,4,7,0
2019-09-21,Mariners,7,11,1,Orioles,6,8,1
2019-09-21,Angels,8,12,1,Astros,4,6,1
2019-09-21,Royals,12,16,1,Twins,5,9,1
2019-09-21,Phillies,9,10,2,Indians,4,5,1
2019-09-21,Pirates,1,6,2,Brewers,10,10,1
2019-09-21,Giants,1,7,0,Braves,8,5,2
2019-09-21,D-backs,4,8,2,Padres,2,5,0
2019-09-21,Rangers,3,8,2,Athletics,12,14,0
2019-09-21,Rockies,4,7,1,Dodgers,2,6,0
2019-09-22,Mariners,1,7,2,Orioles,2,3,0
2019-09-22,Blue Jays,3,9,0,Yankees,8,7,0
2019-09-22,Mets,6,9,0,Reds,3,6,0
2019-09-22,Red Sox,7,11,0,Rays,4,9,2
2019-09-22,White Sox,3,11,0,Tigers,6,12,0
2019-09-22,Nationals,3,6,2,Marlins,5,6,0
2019-09-22,Giants,4,10,0,Braves,1,5,2
2019-09-22,Angels,5,8,0,Astros,13,15,1
2019-09-22,Royals,8,12,0,Twins,12,13,1
2019-09-22,Pirates,3,4,0,Brewers,4,7,1
2019-09-22,Cardinals,3,7,0,Cubs,2,9,0
2019-09-22,Rangers,8,11,0,Athletics,3,11,0
2019-09-22,Rockies,4,8,0,Dodgers,7,11,1
2019-09-22,D-backs,4,8,0,Padres,6,10,0
2019-09-22,Phillies,1,5,3,Indians,10,9,0
2019-09-23,Phillies,2,5,0,Nationals,7,10,1
2019-09-23,Orioles,10,16,1,Blue Jays,11,13,0
2019-09-23,Red Sox,4,10,0,Rays,7,8,0
2019-09-23,Marlins,8,13,0,Mets,4,9,0
2019-09-23,Cardinals,9,9,1,D-backs,7,11,1
2019-09-24,Phillies,1,5,0,Nationals,4,7,0
2019-09-24,Phillies,5,6,0,Nationals,6,7,0
2019-09-24,Twins,4,8,0,Tigers,2,6,0
2019-09-24,Brewers,4,7,1,Reds,2,8,1
2019-09-24,Cubs,2,9,5,Pirates,9,10,0
2019-09-24,Orioles,11,15,0,Blue Jays,4,6,0
2019-09-24,Marlins,4,11,1,Mets,5,9,0
2019-09-24,Yankees,1,7,0,Rays,2,7,0
2019-09-24,Red Sox,12,14,0,Rangers,10,15,2
2019-09-24,Indians,11,12,0,White Sox,0,6,1
2019-09-24,Braves,6,11,1,Royals,9,12,1
2019-09-24,Cardinals,2,13,0,D-backs,3,13,2
2019-09-24,Rockies,8,12,1,Giants,5,8,1
2019-09-24,Athletics,2,6,0,Angels,3,10,0
2019-09-24,Dodgers,6,7,1,Padres,3,5,0
2019-09-24,Astros,3,5,0,Mariners,0,4,0
2019-09-25,Cardinals,7,10,2,D-backs,9,8,3
2019-09-25,Twins,5,9,2,Tigers,1,2,1
2019-09-25,Brewers,9,11,0,Reds,2,5,1
2019-09-25,Cubs,2,6,0,Pirates,4,9,1
2019-09-25,Phillies,2,8,1,Nationals,5,8,1
2019-09-25,Orioles,2,7,0,Blue Jays,3,5,0
2019-09-25,Marlins,3,4,1,Mets,10,12,1
2019-09-25,Yankees,0,1,1,Rays,4,9,0
2019-09-25,Red Sox,10,12,0,Rangers,3,7,1
2019-09-25,Indians,3,6,1,White Sox,8,14,0
2019-09-25,Braves,10,14,0,Royals,2,8,0
2019-09-25,Rockies,1,8,0,Giants,2,7,2
2019-09-25,Athletics,3,12,0,Angels,2,6,0
2019-09-25,Dodgers,6,10,2,Padres,4,7,0
2019-09-25,Astros,3,7,0,Mariners,0,2,0
2019-09-26,Brewers,5,5,1,Reds,3,9,0
2019-09-26,Twins,10,13,0,Tigers,4,13,2
2019-09-26,Red Sox,5,10,1,Rangers,7,7,1
2019-09-26,Dodgers,1,5,0,Padres,0,3,1
2019-09-26,Rockies,3,8,1,Giants,8,12,1
2019-09-26,Phillies,3,7,0,Nationals,6,9,0
2019-09-26,Cubs,5,6,2,Pirates,9,16,0
2019-09-26,Marlins,4,6,0,Mets,2,5,0
2019-09-26,Indians,0,4,0,White Sox,8,11,1
2019-09-26,Astros,3,12,1,Angels,4,7,0
2019-09-26,Athletics,3,6,0,Mariners,1,4,2
2019-09-28,Orioles,9,12,0,Red Sox,4,9,0
2019-09-28,Twins,4,9,0,Royals,3,7,0
2019-09-28,Rays,1,3,0,Blue Jays,4,8,0
2019-09-28,Tigers,1,5,1,White Sox,7,10,0
2019-09-28,Tigers,4,8,0,White Sox,3,8,1
2019-09-28,Indians,7,9,0,Nationals,10,11,0
2019-09-28,Dodgers,2,7,0,Giants,0,7,0
2019-09-28,Marlins,3,7,2,Phillies,9,10,0
2019-09-28,Reds,4,13,1,Pirates,2,5,1
2019-09-28,Cubs,8,16,1,Cardinals,6,6,0
2019-09-28,Braves,0,4,0,Mets,3,4,0
2019-09-28,Yankees,4,7,2,Rangers,9,9,0
2019-09-28,Padres,5,10,0,D-backs,6,5,0
2019-09-28,Brewers,2,8,0,Rockies,3,10,0
2019-09-28,Astros,6,6,0,Angels,3,5,0
2019-09-28,Athletics,1,6,0,Mariners,0,6,0
2019-09-29,Orioles,4,6,2,Red Sox,5,12,1
2019-09-29,Indians,2,6,0,Nationals,8,14,0
2019-09-29,Reds,3,8,0,Pirates,1,7,1
2019-09-29,Dodgers,9,12,0,Giants,0,3,0
2019-09-29,Marlins,4,7,1,Phillies,3,13,1
2019-09-29,Yankees,1,3,2,Rangers,6,10,0
2019-09-29,Astros,8,13,0,Angels,5,8,0
2019-09-29,Rays,3,9,0,Blue Jays,8,11,1
2019-09-29,Padres,0,8,1,D-backs,1,7,0
2019-09-29,Athletics,1,3,0,Mariners,3,7,0
2019-09-29,Braves,6,11,0,Mets,7,15,0
2019-09-29,Tigers,3,7,1,White Sox,5,4,0
2019-09-29,Brewers,3,7,2,Rockies,4,8,1
2019-09-29,Cubs,0,3,0,Cardinals,9,9,0
2019-09-29,Twins,4,6,0,Royals,5,9,0
